head,relation,tail,timestamp
APT30,USES,T1059,0
APT30,USES,T1090,1
APT30,USES,T1001,2
APT30,USES,T1089,3
APT30,USES,T1041,4
APT30,USES,T1083,5
APT30,USES,T1112,6
APT30,USES,T1104,7
APT30,USES,T1057,8
APT30,USES,T1012,9
APT30,USES,T1060,10
APT30,USES,T1023,11
APT30,USES,T1071,12
APT30,USES,T1082,13
APT30,USES,T1091,14
APT30,USES,T1022,15
APT30,USES,T1005,16
APT30,USES,T1025,17
APT30,USES,T1074,18
APT30,USES,T1052,19
APT30,USES,T1094,20
APT30,USES,T1008,21
APT30,USES,T1032,22
APT30,USES,T1095,23
APT12,USES,T1001,24
APT12,USES,T1071,25
APT12,USES,T1032,26
APT12,USES,T1043,27
APT1,USES,T1059,28
APT1,USES,T1083,29
APT1,USES,T1112,30
APT1,USES,T1057,31
APT1,USES,T1060,32
APT1,USES,T1071,33
APT1,USES,T1082,34
APT1,USES,T1005,35
APT1,USES,T1074,36
APT1,USES,T1094,37
APT1,USES,T1008,38
APT1,USES,T1032,39
APT1,USES,T1003,40
APT1,USES,T1056,41
APT1,USES,T1105,42
APT1,USES,T1113,43
APT1,USES,T1033,44
APT1,USES,T1098,45
APT1,USES,T1081,46
APT1,USES,T1207,47
APT1,USES,T1075,48
APT1,USES,T1097,49
APT1,USES,T1145,50
APT1,USES,T1101,51
APT1,USES,T1178,52
APT1,USES,T1035,53
APT1,USES,T1077,54
APT1,USES,T1010,55
APT1,USES,T1031,56
APT1,USES,T1050,57
APT1,USES,T1027,58
APT1,USES,T1055,59
APT1,USES,T1014,60
APT1,USES,T1065,61
APT1,USES,T1102,62
APT1,USES,T1107,63
APT1,USES,T1036,64
APT1,USES,T1063,65
APT1,USES,T1007,66
APT1,USES,T1038,67
APT1,USES,T1087,68
APT1,USES,T1136,69
APT1,USES,T1126,70
APT1,USES,T1135,71
APT1,USES,T1201,72
APT1,USES,T1069,73
APT1,USES,T1018,74
APT1,USES,T1049,75
APT1,USES,T1124,76
APT1,USES,T1016,77
APT19,USES,T1059,78
APT19,USES,T1090,79
APT19,USES,T1041,80
APT19,USES,T1083,81
APT19,USES,T1057,82
APT19,USES,T1060,83
APT19,USES,T1023,84
APT19,USES,T1071,85
APT19,USES,T1082,86
APT19,USES,T1005,87
APT19,USES,T1094,88
APT19,USES,T1032,89
APT19,USES,T1043,90
APT19,USES,T1003,91
APT19,USES,T1056,92
APT19,USES,T1105,93
APT19,USES,T1113,94
APT19,USES,T1081,95
APT19,USES,T1075,96
APT19,USES,T1097,97
APT19,USES,T1145,98
APT19,USES,T1101,99
APT19,USES,T1178,100
APT19,USES,T1035,101
APT19,USES,T1077,102
APT19,USES,T1031,103
APT19,USES,T1050,104
APT19,USES,T1027,105
APT19,USES,T1055,106
APT19,USES,T1102,107
APT19,USES,T1063,108
APT19,USES,T1038,109
APT19,USES,T1087,110
APT19,USES,T1136,111
APT19,USES,T1135,112
APT19,USES,T1018,113
APT19,USES,T1049,114
APT19,USES,T1016,115
APT19,USES,T1134,116
APT19,USES,T1197,117
APT19,USES,T1088,118
APT19,USES,T1175,119
APT19,USES,T1106,120
APT19,USES,T1068,121
APT19,USES,T1066,122
APT19,USES,T1185,123
APT19,USES,T1026,124
APT19,USES,T1046,125
APT19,USES,T1086,126
APT19,USES,T1093,127
APT19,USES,T1076,128
APT19,USES,T1021,129
APT19,USES,T1029,130
APT19,USES,T1064,131
APT19,USES,T1099,132
APT19,USES,T1078,133
APT19,USES,T1047,134
APT19,USES,T1028,135
APT19,USES,T1015,136
APT19,USES,T1217,137
APT19,USES,T1115,138
APT19,USES,T1002,139
APT19,USES,T1482,140
APT19,USES,T1114,141
APT19,USES,T1048,142
APT19,USES,T1210,143
APT19,USES,T1484,144
APT19,USES,T1179,145
APT19,USES,T1208,146
APT19,USES,T1171,147
APT19,USES,T1040,148
APT19,USES,T1034,149
APT19,USES,T1053,150
APT19,USES,T1127,151
APT19,USES,T1125,152
APT16,USES,T1083,153
APT16,USES,T1057,154
APT16,USES,T1071,155
APT16,USES,T1043,156
APT18,USES,T1059,157
APT18,USES,T1083,158
APT18,USES,T1057,159
APT18,USES,T1060,160
APT18,USES,T1071,161
APT18,USES,T1082,162
APT18,USES,T1032,163
APT18,USES,T1043,164
APT18,USES,T1056,165
APT18,USES,T1105,166
APT18,USES,T1113,167
APT18,USES,T1050,168
APT18,USES,T1027,169
APT18,USES,T1107,170
APT18,USES,T1036,171
APT18,USES,T1038,172
APT18,USES,T1016,173
APT18,USES,T1073,174
APT18,USES,T1132,175
APT18,USES,T1070,176
APT18,USES,T1085,177
APT17,USES,T1059,178
APT17,USES,T1083,179
APT17,USES,T1104,180
APT17,USES,T1057,181
APT17,USES,T1102,182
APT17,USES,T1107,183
APT29,USES,T1059,184
APT29,USES,T1090,185
APT29,USES,T1001,186
APT29,USES,T1083,187
APT29,USES,T1057,188
APT29,USES,T1060,189
APT29,USES,T1023,190
APT29,USES,T1071,191
APT29,USES,T1082,192
APT29,USES,T1005,193
APT29,USES,T1025,194
APT29,USES,T1094,195
APT29,USES,T1008,196
APT29,USES,T1032,197
APT29,USES,T1043,198
APT29,USES,T1003,199
APT29,USES,T1056,200
APT29,USES,T1105,201
APT29,USES,T1113,202
APT29,USES,T1033,203
APT29,USES,T1098,204
APT29,USES,T1081,205
APT29,USES,T1207,206
APT29,USES,T1075,207
APT29,USES,T1097,208
APT29,USES,T1145,209
APT29,USES,T1101,210
APT29,USES,T1178,211
APT29,USES,T1035,212
APT29,USES,T1077,213
APT29,USES,T1010,214
APT29,USES,T1050,215
APT29,USES,T1027,216
APT29,USES,T1055,217
APT29,USES,T1102,218
APT29,USES,T1107,219
APT29,USES,T1036,220
APT29,USES,T1063,221
APT29,USES,T1007,222
APT29,USES,T1087,223
APT29,USES,T1135,224
APT29,USES,T1018,225
APT29,USES,T1124,226
APT29,USES,T1016,227
APT29,USES,T1134,228
APT29,USES,T1197,229
APT29,USES,T1088,230
APT29,USES,T1175,231
APT29,USES,T1106,232
APT29,USES,T1068,233
APT29,USES,T1066,234
APT29,USES,T1185,235
APT29,USES,T1026,236
APT29,USES,T1046,237
APT29,USES,T1086,238
APT29,USES,T1093,239
APT29,USES,T1076,240
APT29,USES,T1021,241
APT29,USES,T1029,242
APT29,USES,T1064,243
APT29,USES,T1099,244
APT29,USES,T1078,245
APT29,USES,T1047,246
APT29,USES,T1028,247
APT29,USES,T1115,248
APT29,USES,T1002,249
APT29,USES,T1114,250
APT29,USES,T1048,251
APT29,USES,T1053,252
APT29,USES,T1132,253
APT29,USES,T1085,254
APT29,USES,T1024,255
APT29,USES,T1116,256
APT29,USES,T1485,257
APT29,USES,T1020,258
APT29,USES,T1039,259
APT29,USES,T1045,260
APT29,USES,T1084,261
APT29,USES,T1172,262
APT29,USES,T1497,263
APT29,USES,T1030,264
APT29,USES,T1483,265
APT29,USES,T1188,266
APT29,USES,T1079,267
APT29,USES,T1096,268
APT3,USES,T1059,269
APT3,USES,T1083,270
APT3,USES,T1112,271
APT3,USES,T1057,272
APT3,USES,T1012,273
APT3,USES,T1060,274
APT3,USES,T1071,275
APT3,USES,T1082,276
APT3,USES,T1094,277
APT3,USES,T1095,278
APT3,USES,T1043,279
APT3,USES,T1003,280
APT3,USES,T1056,281
APT3,USES,T1105,282
APT3,USES,T1113,283
APT3,USES,T1081,284
APT3,USES,T1035,285
APT3,USES,T1031,286
APT3,USES,T1050,287
APT3,USES,T1027,288
APT3,USES,T1102,289
APT3,USES,T1036,290
APT3,USES,T1087,291
APT3,USES,T1135,292
APT3,USES,T1069,293
APT3,USES,T1018,294
APT3,USES,T1049,295
APT3,USES,T1016,296
APT3,USES,T1106,297
APT3,USES,T1026,298
APT3,USES,T1053,299
APT3,USES,T1127,300
APT3,USES,T1073,301
APT3,USES,T1497,302
APT3,USES,T1140,303
admin@338,USES,T1059,304
admin@338,USES,T1112,305
admin@338,USES,T1060,306
admin@338,USES,T1071,307
admin@338,USES,T1082,308
admin@338,USES,T1005,309
admin@338,USES,T1074,310
admin@338,USES,T1032,311
admin@338,USES,T1095,312
admin@338,USES,T1043,313
admin@338,USES,T1056,314
admin@338,USES,T1105,315
admin@338,USES,T1035,316
admin@338,USES,T1077,317
admin@338,USES,T1010,318
admin@338,USES,T1031,319
admin@338,USES,T1050,320
admin@338,USES,T1027,321
admin@338,USES,T1055,322
admin@338,USES,T1014,323
admin@338,USES,T1065,324
admin@338,USES,T1102,325
admin@338,USES,T1007,326
admin@338,USES,T1087,327
admin@338,USES,T1136,328
admin@338,USES,T1126,329
admin@338,USES,T1135,330
admin@338,USES,T1201,331
admin@338,USES,T1069,332
admin@338,USES,T1018,333
admin@338,USES,T1049,334
admin@338,USES,T1124,335
admin@338,USES,T1016,336
APT28,USES,T1059,337
APT28,USES,T1090,338
APT28,USES,T1041,339
APT28,USES,T1083,340
APT28,USES,T1112,341
APT28,USES,T1057,342
APT28,USES,T1012,343
APT28,USES,T1060,344
APT28,USES,T1071,345
APT28,USES,T1082,346
APT28,USES,T1091,347
APT28,USES,T1022,348
APT28,USES,T1005,349
APT28,USES,T1025,350
APT28,USES,T1074,351
APT28,USES,T1052,352
APT28,USES,T1094,353
APT28,USES,T1008,354
APT28,USES,T1032,355
APT28,USES,T1043,356
APT28,USES,T1003,357
APT28,USES,T1056,358
APT28,USES,T1105,359
APT28,USES,T1113,360
APT28,USES,T1033,361
APT28,USES,T1098,362
APT28,USES,T1081,363
APT28,USES,T1207,364
APT28,USES,T1075,365
APT28,USES,T1097,366
APT28,USES,T1145,367
APT28,USES,T1101,368
APT28,USES,T1178,369
APT28,USES,T1035,370
APT28,USES,T1050,371
APT28,USES,T1027,372
APT28,USES,T1055,373
APT28,USES,T1014,374
APT28,USES,T1065,375
APT28,USES,T1107,376
APT28,USES,T1036,377
APT28,USES,T1063,378
APT28,USES,T1135,379
APT28,USES,T1124,380
APT28,USES,T1016,381
APT28,USES,T1088,382
APT28,USES,T1106,383
APT28,USES,T1068,384
APT28,USES,T1046,385
APT28,USES,T1076,386
APT28,USES,T1029,387
APT28,USES,T1064,388
APT28,USES,T1099,389
APT28,USES,T1047,390
APT28,USES,T1115,391
APT28,USES,T1002,392
APT28,USES,T1179,393
APT28,USES,T1171,394
APT28,USES,T1040,395
APT28,USES,T1053,396
APT28,USES,T1132,397
APT28,USES,T1085,398
APT28,USES,T1024,399
APT28,USES,T1020,400
APT28,USES,T1045,401
APT28,USES,T1497,402
APT28,USES,T1483,403
APT28,USES,T1140,404
APT28,USES,T1202,405
APT28,USES,T1120,406
APT28,USES,T1130,407
APT28,USES,T1122,408
APT28,USES,T1037,409
APT28,USES,T1158,410
APT28,USES,T1159,411
APT28,USES,T1203,412
APT28,USES,T1004,413
APT28,USES,T1119,414
APT28,USES,T1092,415
APT28,USES,T1009,416
APT28,USES,T1170,417
APT28,USES,T1117,418
APT28,USES,T1430,419
APT28,USES,T1444,420
Winnti Group,USES,T1050,421
Winnti Group,USES,T1036,422
Winnti Group,USES,T1085,423
TEMP.Veles,USES,T1003,424
TEMP.Veles,USES,T1098,425
TEMP.Veles,USES,T1081,426
TEMP.Veles,USES,T1207,427
TEMP.Veles,USES,T1075,428
TEMP.Veles,USES,T1097,429
TEMP.Veles,USES,T1145,430
TEMP.Veles,USES,T1101,431
TEMP.Veles,USES,T1178,432
TEMP.Veles,USES,T1035,433
TEMP.Veles,USES,T1077,434
Thrip,USES,T1112,435
Thrip,USES,T1074,436
Thrip,USES,T1003,437
Thrip,USES,T1056,438
Thrip,USES,T1113,439
Thrip,USES,T1098,440
Thrip,USES,T1081,441
Thrip,USES,T1207,442
Thrip,USES,T1075,443
Thrip,USES,T1097,444
Thrip,USES,T1145,445
Thrip,USES,T1101,446
Thrip,USES,T1178,447
Thrip,USES,T1035,448
Thrip,USES,T1077,449
Thrip,USES,T1010,450
Thrip,USES,T1050,451
Thrip,USES,T1036,452
Thrip,USES,T1016,453
Thrip,USES,T1115,454
Threat Group-1314,USES,T1035,455
Threat Group-1314,USES,T1077,456
Threat Group-1314,USES,T1007,457
Threat Group-1314,USES,T1087,458
Threat Group-1314,USES,T1136,459
Threat Group-1314,USES,T1126,460
Threat Group-1314,USES,T1135,461
Threat Group-1314,USES,T1201,462
Threat Group-1314,USES,T1069,463
Threat Group-1314,USES,T1018,464
Threat Group-1314,USES,T1049,465
Threat Group-1314,USES,T1124,466
Threat Group-3390,USES,T1059,467
Threat Group-3390,USES,T1083,468
Threat Group-3390,USES,T1112,469
Threat Group-3390,USES,T1057,470
Threat Group-3390,USES,T1012,471
Threat Group-3390,USES,T1060,472
Threat Group-3390,USES,T1071,473
Threat Group-3390,USES,T1022,474
Threat Group-3390,USES,T1005,475
Threat Group-3390,USES,T1094,476
Threat Group-3390,USES,T1095,477
Threat Group-3390,USES,T1043,478
Threat Group-3390,USES,T1003,479
Threat Group-3390,USES,T1056,480
Threat Group-3390,USES,T1105,481
Threat Group-3390,USES,T1113,482
Threat Group-3390,USES,T1098,483
Threat Group-3390,USES,T1081,484
Threat Group-3390,USES,T1207,485
Threat Group-3390,USES,T1075,486
Threat Group-3390,USES,T1097,487
Threat Group-3390,USES,T1145,488
Threat Group-3390,USES,T1101,489
Threat Group-3390,USES,T1178,490
Threat Group-3390,USES,T1035,491
Threat Group-3390,USES,T1077,492
Threat Group-3390,USES,T1031,493
Threat Group-3390,USES,T1050,494
Threat Group-3390,USES,T1027,495
Threat Group-3390,USES,T1102,496
Threat Group-3390,USES,T1107,497
Threat Group-3390,USES,T1036,498
Threat Group-3390,USES,T1007,499
Threat Group-3390,USES,T1038,500
Threat Group-3390,USES,T1087,501
Threat Group-3390,USES,T1136,502
Threat Group-3390,USES,T1126,503
Threat Group-3390,USES,T1135,504
Threat Group-3390,USES,T1201,505
Threat Group-3390,USES,T1069,506
Threat Group-3390,USES,T1018,507
Threat Group-3390,USES,T1049,508
Threat Group-3390,USES,T1124,509
Threat Group-3390,USES,T1016,510
Threat Group-3390,USES,T1106,511
Threat Group-3390,USES,T1026,512
Threat Group-3390,USES,T1046,513
Threat Group-3390,USES,T1064,514
Threat Group-3390,USES,T1099,515
Threat Group-3390,USES,T1127,516
Threat Group-3390,USES,T1073,517
Threat Group-3390,USES,T1045,518
Threat Group-3390,USES,T1497,519
Threat Group-3390,USES,T1140,520
Threat Group-3390,USES,T1110,521
Threat Group-3390,USES,T1100,522
Turla,USES,T1059,523
Turla,USES,T1090,524
Turla,USES,T1041,525
Turla,USES,T1083,526
Turla,USES,T1112,527
Turla,USES,T1057,528
Turla,USES,T1012,529
Turla,USES,T1060,530
Turla,USES,T1023,531
Turla,USES,T1071,532
Turla,USES,T1082,533
Turla,USES,T1022,534
Turla,USES,T1005,535
Turla,USES,T1074,536
Turla,USES,T1008,537
Turla,USES,T1032,538
Turla,USES,T1095,539
Turla,USES,T1043,540
Turla,USES,T1003,541
Turla,USES,T1056,542
Turla,USES,T1105,543
Turla,USES,T1113,544
Turla,USES,T1033,545
Turla,USES,T1098,546
Turla,USES,T1081,547
Turla,USES,T1207,548
Turla,USES,T1075,549
Turla,USES,T1097,550
Turla,USES,T1145,551
Turla,USES,T1101,552
Turla,USES,T1178,553
Turla,USES,T1035,554
Turla,USES,T1077,555
Turla,USES,T1010,556
Turla,USES,T1031,557
Turla,USES,T1050,558
Turla,USES,T1027,559
Turla,USES,T1055,560
Turla,USES,T1014,561
Turla,USES,T1102,562
Turla,USES,T1107,563
Turla,USES,T1063,564
Turla,USES,T1007,565
Turla,USES,T1038,566
Turla,USES,T1087,567
Turla,USES,T1136,568
Turla,USES,T1126,569
Turla,USES,T1135,570
Turla,USES,T1201,571
Turla,USES,T1069,572
Turla,USES,T1018,573
Turla,USES,T1049,574
Turla,USES,T1124,575
Turla,USES,T1016,576
Turla,USES,T1134,577
Turla,USES,T1088,578
Turla,USES,T1175,579
Turla,USES,T1106,580
Turla,USES,T1068,581
Turla,USES,T1046,582
Turla,USES,T1086,583
Turla,USES,T1021,584
Turla,USES,T1029,585
Turla,USES,T1064,586
Turla,USES,T1099,587
Turla,USES,T1047,588
Turla,USES,T1015,589
Turla,USES,T1217,590
Turla,USES,T1115,591
Turla,USES,T1002,592
Turla,USES,T1482,593
Turla,USES,T1114,594
Turla,USES,T1048,595
Turla,USES,T1210,596
Turla,USES,T1484,597
Turla,USES,T1179,598
Turla,USES,T1208,599
Turla,USES,T1171,600
Turla,USES,T1040,601
Turla,USES,T1034,602
Turla,USES,T1053,603
Turla,USES,T1127,604
Turla,USES,T1125,605
Turla,USES,T1132,606
Turla,USES,T1085,607
Turla,USES,T1024,608
Turla,USES,T1116,609
Turla,USES,T1485,610
Turla,USES,T1045,611
Turla,USES,T1096,612
Turla,USES,T1140,613
Turla,USES,T1122,614
Turla,USES,T1004,615
Turla,USES,T1180,616
Turla,USES,T1214,617
Tropic Trooper,USES,T1059,618
Tropic Trooper,USES,T1112,619
Tropic Trooper,USES,T1060,620
Tropic Trooper,USES,T1005,621
Tropic Trooper,USES,T1074,622
Tropic Trooper,USES,T1032,623
Tropic Trooper,USES,T1056,624
Tropic Trooper,USES,T1105,625
Tropic Trooper,USES,T1010,626
Tropic Trooper,USES,T1031,627
Tropic Trooper,USES,T1050,628
Tropic Trooper,USES,T1027,629
Tropic Trooper,USES,T1055,630
Tropic Trooper,USES,T1014,631
Tropic Trooper,USES,T1065,632
TA459,USES,T1059,633
TA459,USES,T1001,634
TA459,USES,T1083,635
TA459,USES,T1112,636
TA459,USES,T1057,637
TA459,USES,T1012,638
TA459,USES,T1060,639
TA459,USES,T1071,640
TA459,USES,T1082,641
TA459,USES,T1094,642
TA459,USES,T1032,643
TA459,USES,T1095,644
TA459,USES,T1043,645
TA459,USES,T1056,646
TA459,USES,T1105,647
TA459,USES,T1113,648
TA459,USES,T1010,649
TA459,USES,T1031,650
TA459,USES,T1050,651
TA459,USES,T1027,652
TA459,USES,T1102,653
TA459,USES,T1107,654
TA459,USES,T1036,655
TA459,USES,T1135,656
TA459,USES,T1049,657
TA459,USES,T1016,658
TA459,USES,T1088,659
TA459,USES,T1106,660
TA459,USES,T1026,661
TA459,USES,T1127,662
TA459,USES,T1073,663
TA459,USES,T1070,664
TA459,USES,T1085,665
TA459,USES,T1045,666
TA459,USES,T1497,667
TA459,USES,T1140,668
TA459,USES,T1009,669
Suckfly,USES,T1032,670
Suckfly,USES,T1043,671
Suckfly,USES,T1105,672
Suckfly,USES,T1050,673
Suckfly,USES,T1036,674
Stolen Pencil,USES,T1003,675
Stolen Pencil,USES,T1098,676
Stolen Pencil,USES,T1081,677
Stolen Pencil,USES,T1207,678
Stolen Pencil,USES,T1075,679
Stolen Pencil,USES,T1097,680
Stolen Pencil,USES,T1145,681
Stolen Pencil,USES,T1101,682
Stolen Pencil,USES,T1178,683
Stolen Pencil,USES,T1035,684
Stolen Pencil,USES,T1077,685
Strider,USES,T1089,686
Strider,USES,T1083,687
Strider,USES,T1057,688
Strider,USES,T1071,689
Strider,USES,T1082,690
Strider,USES,T1025,691
Strider,USES,T1052,692
Strider,USES,T1094,693
Strider,USES,T1032,694
Strider,USES,T1095,695
Strider,USES,T1003,696
Strider,USES,T1056,697
Strider,USES,T1105,698
Strider,USES,T1033,699
Strider,USES,T1027,700
Strider,USES,T1055,701
Strider,USES,T1065,702
Strider,USES,T1107,703
Strider,USES,T1036,704
Strider,USES,T1063,705
Strider,USES,T1087,706
Strider,USES,T1018,707
Strider,USES,T1049,708
Strider,USES,T1016,709
Strider,USES,T1068,710
Strider,USES,T1046,711
Strider,USES,T1048,712
Strider,USES,T1053,713
Strider,USES,T1174,714
Sowbug,USES,T1059,715
Sowbug,USES,T1071,716
Sowbug,USES,T1082,717
Sowbug,USES,T1032,718
Sowbug,USES,T1105,719
Sowbug,USES,T1033,720
Sowbug,USES,T1036,721
Sowbug,USES,T1063,722
Sowbug,USES,T1016,723
Sowbug,USES,T1024,724
Sowbug,USES,T1140,725
SilverTerrier,USES,T1059,726
SilverTerrier,USES,T1089,727
SilverTerrier,USES,T1112,728
SilverTerrier,USES,T1057,729
SilverTerrier,USES,T1060,730
SilverTerrier,USES,T1071,731
SilverTerrier,USES,T1082,732
SilverTerrier,USES,T1022,733
SilverTerrier,USES,T1032,734
SilverTerrier,USES,T1056,735
SilverTerrier,USES,T1105,736
SilverTerrier,USES,T1113,737
SilverTerrier,USES,T1033,738
SilverTerrier,USES,T1027,739
SilverTerrier,USES,T1065,740
SilverTerrier,USES,T1036,741
SilverTerrier,USES,T1087,742
SilverTerrier,USES,T1124,743
SilverTerrier,USES,T1016,744
SilverTerrier,USES,T1076,745
SilverTerrier,USES,T1064,746
SilverTerrier,USES,T1115,747
SilverTerrier,USES,T1048,748
SilverTerrier,USES,T1125,749
SilverTerrier,USES,T1116,750
SilverTerrier,USES,T1045,751
SilverTerrier,USES,T1203,752
SilverTerrier,USES,T1123,753
Scarlet Mimic,USES,T1059,754
Scarlet Mimic,USES,T1001,755
Scarlet Mimic,USES,T1041,756
Scarlet Mimic,USES,T1083,757
Scarlet Mimic,USES,T1057,758
Scarlet Mimic,USES,T1071,759
Scarlet Mimic,USES,T1082,760
Scarlet Mimic,USES,T1005,761
Scarlet Mimic,USES,T1032,762
Scarlet Mimic,USES,T1056,763
Scarlet Mimic,USES,T1105,764
Scarlet Mimic,USES,T1065,765
Scarlet Mimic,USES,T1099,766
Scarlet Mimic,USES,T1217,767
Scarlet Mimic,USES,T1024,768
Sandworm Team,USES,T1083,769
Sandworm Team,USES,T1057,770
Sandworm Team,USES,T1060,771
Sandworm Team,USES,T1023,772
Sandworm Team,USES,T1071,773
Sandworm Team,USES,T1082,774
Sandworm Team,USES,T1008,775
Sandworm Team,USES,T1056,776
Sandworm Team,USES,T1113,777
Sandworm Team,USES,T1081,778
Sandworm Team,USES,T1077,779
Sandworm Team,USES,T1050,780
Sandworm Team,USES,T1055,781
Sandworm Team,USES,T1049,782
Sandworm Team,USES,T1016,783
Sandworm Team,USES,T1088,784
Sandworm Team,USES,T1046,785
Sandworm Team,USES,T1047,786
Sandworm Team,USES,T1070,787
Sandworm Team,USES,T1485,788
Sandworm Team,USES,T1120,789
Sandworm Team,USES,T1044,790
RTM,USES,T1059,791
RTM,USES,T1083,792
RTM,USES,T1112,793
RTM,USES,T1057,794
RTM,USES,T1060,795
RTM,USES,T1082,796
RTM,USES,T1094,797
RTM,USES,T1056,798
RTM,USES,T1105,799
RTM,USES,T1113,800
RTM,USES,T1033,801
RTM,USES,T1027,802
RTM,USES,T1107,803
RTM,USES,T1063,804
RTM,USES,T1124,805
RTM,USES,T1088,806
RTM,USES,T1115,807
RTM,USES,T1053,808
RTM,USES,T1070,809
RTM,USES,T1085,810
RTM,USES,T1024,811
RTM,USES,T1116,812
RTM,USES,T1120,813
RTM,USES,T1130,814
RTM,USES,T1119,815
Rancor,USES,T1059,816
Rancor,USES,T1083,817
Rancor,USES,T1112,818
Rancor,USES,T1057,819
Rancor,USES,T1012,820
Rancor,USES,T1060,821
Rancor,USES,T1082,822
Rancor,USES,T1094,823
Rancor,USES,T1105,824
Rancor,USES,T1016,825
Rancor,USES,T1088,826
Rancor,USES,T1085,827
Rancor,USES,T1024,828
Rancor,USES,T1140,829
Rancor,USES,T1130,830
Rancor,USES,T1214,831
Putter Panda,USES,T1059,832
Putter Panda,USES,T1083,833
Putter Panda,USES,T1057,834
Putter Panda,USES,T1071,835
Putter Panda,USES,T1082,836
Putter Panda,USES,T1032,837
Putter Panda,USES,T1081,838
Putter Panda,USES,T1107,839
Putter Panda,USES,T1099,840
Putter Panda,USES,T1024,841
Putter Panda,USES,T1108,842
PROMETHIUM,USES,T1060,843
PROMETHIUM,USES,T1036,844
PittyTiger,USES,T1059,845
PittyTiger,USES,T1112,846
PittyTiger,USES,T1057,847
PittyTiger,USES,T1060,848
PittyTiger,USES,T1005,849
PittyTiger,USES,T1074,850
PittyTiger,USES,T1032,851
PittyTiger,USES,T1043,852
PittyTiger,USES,T1003,853
PittyTiger,USES,T1056,854
PittyTiger,USES,T1105,855
PittyTiger,USES,T1113,856
PittyTiger,USES,T1098,857
PittyTiger,USES,T1081,858
PittyTiger,USES,T1207,859
PittyTiger,USES,T1075,860
PittyTiger,USES,T1097,861
PittyTiger,USES,T1145,862
PittyTiger,USES,T1101,863
PittyTiger,USES,T1178,864
PittyTiger,USES,T1010,865
PittyTiger,USES,T1031,866
PittyTiger,USES,T1050,867
PittyTiger,USES,T1027,868
PittyTiger,USES,T1055,869
PittyTiger,USES,T1014,870
PittyTiger,USES,T1065,871
PittyTiger,USES,T1107,872
PittyTiger,USES,T1002,873
PittyTiger,USES,T1073,874
PittyTiger,USES,T1070,875
PittyTiger,USES,T1085,876
PittyTiger,USES,T1024,877
Patchwork,USES,T1059,878
Patchwork,USES,T1090,879
Patchwork,USES,T1001,880
Patchwork,USES,T1089,881
Patchwork,USES,T1083,882
Patchwork,USES,T1112,883
Patchwork,USES,T1057,884
Patchwork,USES,T1012,885
Patchwork,USES,T1060,886
Patchwork,USES,T1071,887
Patchwork,USES,T1082,888
Patchwork,USES,T1091,889
Patchwork,USES,T1005,890
Patchwork,USES,T1025,891
Patchwork,USES,T1074,892
Patchwork,USES,T1032,893
Patchwork,USES,T1003,894
Patchwork,USES,T1056,895
Patchwork,USES,T1105,896
Patchwork,USES,T1113,897
Patchwork,USES,T1033,898
Patchwork,USES,T1081,899
Patchwork,USES,T1101,900
Patchwork,USES,T1031,901
Patchwork,USES,T1027,902
Patchwork,USES,T1055,903
Patchwork,USES,T1102,904
Patchwork,USES,T1036,905
Patchwork,USES,T1038,906
Patchwork,USES,T1087,907
Patchwork,USES,T1016,908
Patchwork,USES,T1134,909
Patchwork,USES,T1088,910
Patchwork,USES,T1106,911
Patchwork,USES,T1066,912
Patchwork,USES,T1086,913
Patchwork,USES,T1093,914
Patchwork,USES,T1076,915
Patchwork,USES,T1047,916
Patchwork,USES,T1482,917
Patchwork,USES,T1208,918
Patchwork,USES,T1034,919
Patchwork,USES,T1053,920
Patchwork,USES,T1125,921
Patchwork,USES,T1073,922
Patchwork,USES,T1132,923
Patchwork,USES,T1024,924
Patchwork,USES,T1116,925
Patchwork,USES,T1020,926
Patchwork,USES,T1039,927
Patchwork,USES,T1120,928
Patchwork,USES,T1119,929
Patchwork,USES,T1214,930
Patchwork,USES,T1123,931
OilRig,USES,T1059,932
OilRig,USES,T1001,933
OilRig,USES,T1041,934
OilRig,USES,T1083,935
OilRig,USES,T1112,936
OilRig,USES,T1057,937
OilRig,USES,T1012,938
OilRig,USES,T1060,939
OilRig,USES,T1023,940
OilRig,USES,T1071,941
OilRig,USES,T1082,942
OilRig,USES,T1022,943
OilRig,USES,T1074,944
OilRig,USES,T1008,945
OilRig,USES,T1032,946
OilRig,USES,T1043,947
OilRig,USES,T1003,948
OilRig,USES,T1056,949
OilRig,USES,T1105,950
OilRig,USES,T1113,951
OilRig,USES,T1033,952
OilRig,USES,T1098,953
OilRig,USES,T1081,954
OilRig,USES,T1207,955
OilRig,USES,T1075,956
OilRig,USES,T1097,957
OilRig,USES,T1145,958
OilRig,USES,T1101,959
OilRig,USES,T1178,960
OilRig,USES,T1035,961
OilRig,USES,T1077,962
OilRig,USES,T1027,963
OilRig,USES,T1107,964
OilRig,USES,T1036,965
OilRig,USES,T1063,966
OilRig,USES,T1007,967
OilRig,USES,T1087,968
OilRig,USES,T1136,969
OilRig,USES,T1126,970
OilRig,USES,T1135,971
OilRig,USES,T1201,972
OilRig,USES,T1069,973
OilRig,USES,T1018,974
OilRig,USES,T1049,975
OilRig,USES,T1124,976
OilRig,USES,T1016,977
OilRig,USES,T1086,978
OilRig,USES,T1093,979
OilRig,USES,T1064,980
OilRig,USES,T1099,981
OilRig,USES,T1047,982
OilRig,USES,T1115,983
OilRig,USES,T1002,984
OilRig,USES,T1048,985
OilRig,USES,T1053,986
OilRig,USES,T1132,987
OilRig,USES,T1116,988
OilRig,USES,T1045,989
OilRig,USES,T1497,990
OilRig,USES,T1030,991
OilRig,USES,T1483,992
OilRig,USES,T1140,993
OilRig,USES,T1130,994
OilRig,USES,T1119,995
OilRig,USES,T1100,996
OilRig,USES,T1214,997
Orangeworm,USES,T1059,998
Orangeworm,USES,T1083,999
Orangeworm,USES,T1057,1000
Orangeworm,USES,T1082,1001
Orangeworm,USES,T1008,1002
Orangeworm,USES,T1105,1003
Orangeworm,USES,T1033,1004
Orangeworm,USES,T1035,1005
Orangeworm,USES,T1077,1006
Orangeworm,USES,T1050,1007
Orangeworm,USES,T1027,1008
Orangeworm,USES,T1107,1009
Orangeworm,USES,T1036,1010
Orangeworm,USES,T1007,1011
Orangeworm,USES,T1087,1012
Orangeworm,USES,T1136,1013
Orangeworm,USES,T1126,1014
Orangeworm,USES,T1135,1015
Orangeworm,USES,T1201,1016
Orangeworm,USES,T1069,1017
Orangeworm,USES,T1018,1018
Orangeworm,USES,T1049,1019
Orangeworm,USES,T1124,1020
Orangeworm,USES,T1016,1021
Orangeworm,USES,T1085,1022
Orangeworm,USES,T1140,1023
Orangeworm,USES,T1009,1024
Night Dragon,USES,T1059,1025
Night Dragon,USES,T1083,1026
Night Dragon,USES,T1112,1027
Night Dragon,USES,T1082,1028
Night Dragon,USES,T1003,1029
Night Dragon,USES,T1033,1030
Night Dragon,USES,T1035,1031
Night Dragon,USES,T1077,1032
Night Dragon,USES,T1050,1033
Night Dragon,USES,T1107,1034
Night Dragon,USES,T1016,1035
Night Dragon,USES,T1076,1036
Night Dragon,USES,T1053,1037
Night Dragon,USES,T1100,1038
NEODYMIUM,USES,T1082,1039
NEODYMIUM,USES,T1035,1040
NEODYMIUM,USES,T1050,1041
NEODYMIUM,USES,T1055,1042
NEODYMIUM,USES,T1107,1043
NEODYMIUM,USES,T1063,1044
NEODYMIUM,USES,T1068,1045
NEODYMIUM,USES,T1073,1046
NEODYMIUM,USES,T1177,1047
Naikon,USES,T1090,1048
Naikon,USES,T1089,1049
Naikon,USES,T1083,1050
Naikon,USES,T1057,1051
Naikon,USES,T1060,1052
Naikon,USES,T1023,1053
Naikon,USES,T1071,1054
Naikon,USES,T1082,1055
Naikon,USES,T1008,1056
Naikon,USES,T1043,1057
Naikon,USES,T1056,1058
Naikon,USES,T1105,1059
Naikon,USES,T1033,1060
Naikon,USES,T1035,1061
Naikon,USES,T1077,1062
Naikon,USES,T1055,1063
Naikon,USES,T1036,1064
Naikon,USES,T1063,1065
Naikon,USES,T1007,1066
Naikon,USES,T1087,1067
Naikon,USES,T1136,1068
Naikon,USES,T1126,1069
Naikon,USES,T1135,1070
Naikon,USES,T1201,1071
Naikon,USES,T1069,1072
Naikon,USES,T1018,1073
Naikon,USES,T1049,1074
Naikon,USES,T1124,1075
Naikon,USES,T1016,1076
Naikon,USES,T1134,1077
Naikon,USES,T1046,1078
Naikon,USES,T1048,1079
Naikon,USES,T1024,1080
Naikon,USES,T1128,1081
MuddyWater,USES,T1090,1082
MuddyWater,USES,T1089,1083
MuddyWater,USES,T1082,1084
MuddyWater,USES,T1005,1085
MuddyWater,USES,T1032,1086
MuddyWater,USES,T1043,1087
MuddyWater,USES,T1003,1088
MuddyWater,USES,T1105,1089
MuddyWater,USES,T1113,1090
MuddyWater,USES,T1098,1091
MuddyWater,USES,T1081,1092
MuddyWater,USES,T1207,1093
MuddyWater,USES,T1075,1094
MuddyWater,USES,T1097,1095
MuddyWater,USES,T1145,1096
MuddyWater,USES,T1101,1097
MuddyWater,USES,T1178,1098
MuddyWater,USES,T1027,1099
MuddyWater,USES,T1065,1100
MuddyWater,USES,T1107,1101
MuddyWater,USES,T1036,1102
MuddyWater,USES,T1063,1103
MuddyWater,USES,T1087,1104
MuddyWater,USES,T1016,1105
MuddyWater,USES,T1175,1106
MuddyWater,USES,T1086,1107
MuddyWater,USES,T1029,1108
MuddyWater,USES,T1064,1109
MuddyWater,USES,T1047,1110
MuddyWater,USES,T1053,1111
MuddyWater,USES,T1132,1112
MuddyWater,USES,T1140,1113
MuddyWater,USES,T1170,1114
MuddyWater,USES,T1173,1115
Molerats,USES,T1059,1116
Molerats,USES,T1083,1117
Molerats,USES,T1112,1118
Molerats,USES,T1057,1119
Molerats,USES,T1060,1120
Molerats,USES,T1071,1121
Molerats,USES,T1082,1122
Molerats,USES,T1091,1123
Molerats,USES,T1005,1124
Molerats,USES,T1074,1125
Molerats,USES,T1008,1126
Molerats,USES,T1032,1127
Molerats,USES,T1056,1128
Molerats,USES,T1105,1129
Molerats,USES,T1010,1130
Molerats,USES,T1031,1131
Molerats,USES,T1050,1132
Molerats,USES,T1027,1133
Molerats,USES,T1055,1134
Molerats,USES,T1014,1135
Molerats,USES,T1065,1136
Molerats,USES,T1063,1137
Molerats,USES,T1047,1138
Moafee,USES,T1059,1139
Moafee,USES,T1112,1140
Moafee,USES,T1060,1141
Moafee,USES,T1005,1142
Moafee,USES,T1074,1143
Moafee,USES,T1032,1144
Moafee,USES,T1056,1145
Moafee,USES,T1105,1146
Moafee,USES,T1010,1147
Moafee,USES,T1031,1148
Moafee,USES,T1050,1149
Moafee,USES,T1027,1150
Moafee,USES,T1055,1151
Moafee,USES,T1014,1152
Moafee,USES,T1065,1153
menuPass,USES,T1059,1154
menuPass,USES,T1090,1155
menuPass,USES,T1089,1156
menuPass,USES,T1083,1157
menuPass,USES,T1112,1158
menuPass,USES,T1057,1159
menuPass,USES,T1012,1160
menuPass,USES,T1060,1161
menuPass,USES,T1023,1162
menuPass,USES,T1071,1163
menuPass,USES,T1082,1164
menuPass,USES,T1005,1165
menuPass,USES,T1074,1166
menuPass,USES,T1094,1167
menuPass,USES,T1032,1168
menuPass,USES,T1095,1169
menuPass,USES,T1043,1170
menuPass,USES,T1003,1171
menuPass,USES,T1056,1172
menuPass,USES,T1105,1173
menuPass,USES,T1113,1174
menuPass,USES,T1033,1175
menuPass,USES,T1098,1176
menuPass,USES,T1081,1177
menuPass,USES,T1207,1178
menuPass,USES,T1075,1179
menuPass,USES,T1097,1180
menuPass,USES,T1145,1181
menuPass,USES,T1101,1182
menuPass,USES,T1178,1183
menuPass,USES,T1035,1184
menuPass,USES,T1077,1185
menuPass,USES,T1010,1186
menuPass,USES,T1031,1187
menuPass,USES,T1050,1188
menuPass,USES,T1027,1189
menuPass,USES,T1055,1190
menuPass,USES,T1014,1191
menuPass,USES,T1065,1192
menuPass,USES,T1102,1193
menuPass,USES,T1107,1194
menuPass,USES,T1036,1195
menuPass,USES,T1007,1196
menuPass,USES,T1038,1197
menuPass,USES,T1087,1198
menuPass,USES,T1136,1199
menuPass,USES,T1126,1200
menuPass,USES,T1135,1201
menuPass,USES,T1201,1202
menuPass,USES,T1069,1203
menuPass,USES,T1018,1204
menuPass,USES,T1049,1205
menuPass,USES,T1124,1206
menuPass,USES,T1016,1207
menuPass,USES,T1134,1208
menuPass,USES,T1106,1209
menuPass,USES,T1066,1210
menuPass,USES,T1026,1211
menuPass,USES,T1086,1212
menuPass,USES,T1076,1213
menuPass,USES,T1047,1214
menuPass,USES,T1482,1215
menuPass,USES,T1208,1216
menuPass,USES,T1171,1217
menuPass,USES,T1040,1218
menuPass,USES,T1034,1219
menuPass,USES,T1053,1220
menuPass,USES,T1127,1221
menuPass,USES,T1125,1222
menuPass,USES,T1073,1223
menuPass,USES,T1024,1224
menuPass,USES,T1116,1225
menuPass,USES,T1497,1226
menuPass,USES,T1140,1227
menuPass,USES,T1130,1228
menuPass,USES,T1214,1229
menuPass,USES,T1123,1230
Magic Hound,USES,T1041,1231
Magic Hound,USES,T1083,1232
Magic Hound,USES,T1057,1233
Magic Hound,USES,T1060,1234
Magic Hound,USES,T1071,1235
Magic Hound,USES,T1082,1236
Magic Hound,USES,T1032,1237
Magic Hound,USES,T1003,1238
Magic Hound,USES,T1056,1239
Magic Hound,USES,T1105,1240
Magic Hound,USES,T1113,1241
Magic Hound,USES,T1033,1242
Magic Hound,USES,T1098,1243
Magic Hound,USES,T1081,1244
Magic Hound,USES,T1207,1245
Magic Hound,USES,T1075,1246
Magic Hound,USES,T1097,1247
Magic Hound,USES,T1145,1248
Magic Hound,USES,T1101,1249
Magic Hound,USES,T1178,1250
Magic Hound,USES,T1035,1251
Magic Hound,USES,T1077,1252
Magic Hound,USES,T1055,1253
Magic Hound,USES,T1087,1254
Magic Hound,USES,T1136,1255
Magic Hound,USES,T1135,1256
Magic Hound,USES,T1049,1257
Magic Hound,USES,T1016,1258
Magic Hound,USES,T1134,1259
Magic Hound,USES,T1088,1260
Magic Hound,USES,T1046,1261
Magic Hound,USES,T1086,1262
Magic Hound,USES,T1076,1263
Magic Hound,USES,T1064,1264
Magic Hound,USES,T1002,1265
Magic Hound,USES,T1114,1266
Magic Hound,USES,T1171,1267
Magic Hound,USES,T1125,1268
Magic Hound,USES,T1070,1269
Magic Hound,USES,T1497,1270
Magic Hound,USES,T1079,1271
Magic Hound,USES,T1123,1272
Magic Hound,USES,T1501,1273
Magic Hound,USES,T1190,1274
Lotus Blossom,USES,T1059,1275
Lotus Blossom,USES,T1083,1276
Lotus Blossom,USES,T1057,1277
Lotus Blossom,USES,T1060,1278
Lotus Blossom,USES,T1071,1279
Lotus Blossom,USES,T1082,1280
Lotus Blossom,USES,T1074,1281
Lotus Blossom,USES,T1032,1282
Lotus Blossom,USES,T1105,1283
Lotus Blossom,USES,T1050,1284
Lotus Blossom,USES,T1027,1285
Lotus Blossom,USES,T1055,1286
Lotus Blossom,USES,T1107,1287
Lotus Blossom,USES,T1036,1288
Lotus Blossom,USES,T1007,1289
Lotus Blossom,USES,T1087,1290
Lotus Blossom,USES,T1069,1291
Lotus Blossom,USES,T1016,1292
Lotus Blossom,USES,T1099,1293
Lotus Blossom,USES,T1132,1294
Lotus Blossom,USES,T1085,1295
Lotus Blossom,USES,T1024,1296
Lotus Blossom,USES,T1009,1297
Leviathan,USES,T1059,1298
Leviathan,USES,T1090,1299
Leviathan,USES,T1089,1300
Leviathan,USES,T1083,1301
Leviathan,USES,T1104,1302
Leviathan,USES,T1057,1303
Leviathan,USES,T1012,1304
Leviathan,USES,T1060,1305
Leviathan,USES,T1071,1306
Leviathan,USES,T1082,1307
Leviathan,USES,T1005,1308
Leviathan,USES,T1094,1309
Leviathan,USES,T1008,1310
Leviathan,USES,T1095,1311
Leviathan,USES,T1043,1312
Leviathan,USES,T1003,1313
Leviathan,USES,T1056,1314
Leviathan,USES,T1105,1315
Leviathan,USES,T1113,1316
Leviathan,USES,T1033,1317
Leviathan,USES,T1075,1318
Leviathan,USES,T1035,1319
Leviathan,USES,T1077,1320
Leviathan,USES,T1050,1321
Leviathan,USES,T1027,1322
Leviathan,USES,T1055,1323
Leviathan,USES,T1102,1324
Leviathan,USES,T1107,1325
Leviathan,USES,T1007,1326
Leviathan,USES,T1087,1327
Leviathan,USES,T1136,1328
Leviathan,USES,T1126,1329
Leviathan,USES,T1135,1330
Leviathan,USES,T1201,1331
Leviathan,USES,T1069,1332
Leviathan,USES,T1018,1333
Leviathan,USES,T1049,1334
Leviathan,USES,T1124,1335
Leviathan,USES,T1016,1336
Leviathan,USES,T1134,1337
Leviathan,USES,T1197,1338
Leviathan,USES,T1088,1339
Leviathan,USES,T1175,1340
Leviathan,USES,T1106,1341
Leviathan,USES,T1068,1342
Leviathan,USES,T1066,1343
Leviathan,USES,T1185,1344
Leviathan,USES,T1026,1345
Leviathan,USES,T1046,1346
Leviathan,USES,T1086,1347
Leviathan,USES,T1093,1348
Leviathan,USES,T1076,1349
Leviathan,USES,T1021,1350
Leviathan,USES,T1029,1351
Leviathan,USES,T1064,1352
Leviathan,USES,T1099,1353
Leviathan,USES,T1078,1354
Leviathan,USES,T1047,1355
Leviathan,USES,T1028,1356
Leviathan,USES,T1048,1357
Leviathan,USES,T1053,1358
Leviathan,USES,T1125,1359
Leviathan,USES,T1070,1360
Leviathan,USES,T1024,1361
Leviathan,USES,T1045,1362
Leviathan,USES,T1170,1363
Leviathan,USES,T1117,1364
Leviathan,USES,T1110,1365
Leviathan,USES,T1100,1366
Leviathan,USES,T1123,1367
Leafminer,USES,T1003,1368
Leafminer,USES,T1098,1369
Leafminer,USES,T1081,1370
Leafminer,USES,T1207,1371
Leafminer,USES,T1075,1372
Leafminer,USES,T1097,1373
Leafminer,USES,T1145,1374
Leafminer,USES,T1101,1375
Leafminer,USES,T1178,1376
Leafminer,USES,T1035,1377
Leafminer,USES,T1077,1378
Lazarus Group,USES,T1059,1379
Lazarus Group,USES,T1090,1380
Lazarus Group,USES,T1001,1381
Lazarus Group,USES,T1089,1382
Lazarus Group,USES,T1041,1383
Lazarus Group,USES,T1083,1384
Lazarus Group,USES,T1112,1385
Lazarus Group,USES,T1057,1386
Lazarus Group,USES,T1012,1387
Lazarus Group,USES,T1071,1388
Lazarus Group,USES,T1082,1389
Lazarus Group,USES,T1005,1390
Lazarus Group,USES,T1094,1391
Lazarus Group,USES,T1008,1392
Lazarus Group,USES,T1032,1393
Lazarus Group,USES,T1043,1394
Lazarus Group,USES,T1003,1395
Lazarus Group,USES,T1105,1396
Lazarus Group,USES,T1113,1397
Lazarus Group,USES,T1033,1398
Lazarus Group,USES,T1098,1399
Lazarus Group,USES,T1081,1400
Lazarus Group,USES,T1207,1401
Lazarus Group,USES,T1075,1402
Lazarus Group,USES,T1097,1403
Lazarus Group,USES,T1145,1404
Lazarus Group,USES,T1101,1405
Lazarus Group,USES,T1178,1406
Lazarus Group,USES,T1035,1407
Lazarus Group,USES,T1031,1408
Lazarus Group,USES,T1050,1409
Lazarus Group,USES,T1027,1410
Lazarus Group,USES,T1055,1411
Lazarus Group,USES,T1065,1412
Lazarus Group,USES,T1107,1413
Lazarus Group,USES,T1036,1414
Lazarus Group,USES,T1063,1415
Lazarus Group,USES,T1007,1416
Lazarus Group,USES,T1087,1417
Lazarus Group,USES,T1018,1418
Lazarus Group,USES,T1049,1419
Lazarus Group,USES,T1124,1420
Lazarus Group,USES,T1016,1421
Lazarus Group,USES,T1134,1422
Lazarus Group,USES,T1106,1423
Lazarus Group,USES,T1086,1424
Lazarus Group,USES,T1076,1425
Lazarus Group,USES,T1064,1426
Lazarus Group,USES,T1099,1427
Lazarus Group,USES,T1047,1428
Lazarus Group,USES,T1210,1429
Lazarus Group,USES,T1132,1430
Lazarus Group,USES,T1070,1431
Lazarus Group,USES,T1024,1432
Lazarus Group,USES,T1485,1433
Lazarus Group,USES,T1188,1434
Lazarus Group,USES,T1079,1435
Lazarus Group,USES,T1140,1436
Lazarus Group,USES,T1120,1437
Lazarus Group,USES,T1158,1438
Lazarus Group,USES,T1203,1439
Lazarus Group,USES,T1119,1440
Lazarus Group,USES,T1128,1441
Lazarus Group,USES,T1486,1442
Lazarus Group,USES,T1222,1443
Lazarus Group,USES,T1490,1444
Lazarus Group,USES,T1489,1445
Lazarus Group,USES,T1204,1446
Lazarus Group,USES,T1488,1447
Lazarus Group,USES,T1487,1448
Ke3chang,USES,T1059,1449
Ke3chang,USES,T1057,1450
Ke3chang,USES,T1082,1451
Ke3chang,USES,T1043,1452
Ke3chang,USES,T1003,1453
Ke3chang,USES,T1033,1454
Ke3chang,USES,T1098,1455
Ke3chang,USES,T1081,1456
Ke3chang,USES,T1207,1457
Ke3chang,USES,T1075,1458
Ke3chang,USES,T1097,1459
Ke3chang,USES,T1145,1460
Ke3chang,USES,T1101,1461
Ke3chang,USES,T1178,1462
Ke3chang,USES,T1035,1463
Ke3chang,USES,T1077,1464
Ke3chang,USES,T1063,1465
Ke3chang,USES,T1007,1466
Ke3chang,USES,T1038,1467
Ke3chang,USES,T1087,1468
Ke3chang,USES,T1136,1469
Ke3chang,USES,T1126,1470
Ke3chang,USES,T1135,1471
Ke3chang,USES,T1201,1472
Ke3chang,USES,T1069,1473
Ke3chang,USES,T1018,1474
Ke3chang,USES,T1049,1475
Ke3chang,USES,T1124,1476
Ke3chang,USES,T1016,1477
Ke3chang,USES,T1140,1478
Ke3chang,USES,T1213,1479
Honeybee,USES,T1059,1480
Honeybee,USES,T1083,1481
Honeybee,USES,T1112,1482
Honeybee,USES,T1057,1483
Honeybee,USES,T1012,1484
Honeybee,USES,T1082,1485
Honeybee,USES,T1105,1486
Honeybee,USES,T1107,1487
Honeybee,USES,T1063,1488
Honeybee,USES,T1007,1489
Honeybee,USES,T1214,1490
Gorgon Group,USES,T1059,1491
Gorgon Group,USES,T1090,1492
Gorgon Group,USES,T1089,1493
Gorgon Group,USES,T1083,1494
Gorgon Group,USES,T1112,1495
Gorgon Group,USES,T1060,1496
Gorgon Group,USES,T1082,1497
Gorgon Group,USES,T1032,1498
Gorgon Group,USES,T1003,1499
Gorgon Group,USES,T1056,1500
Gorgon Group,USES,T1105,1501
Gorgon Group,USES,T1113,1502
Gorgon Group,USES,T1081,1503
Gorgon Group,USES,T1027,1504
Gorgon Group,USES,T1055,1505
Gorgon Group,USES,T1065,1506
Gorgon Group,USES,T1036,1507
Gorgon Group,USES,T1016,1508
Gorgon Group,USES,T1088,1509
Gorgon Group,USES,T1076,1510
Gorgon Group,USES,T1064,1511
Gorgon Group,USES,T1115,1512
Gorgon Group,USES,T1053,1513
Gorgon Group,USES,T1125,1514
Gorgon Group,USES,T1116,1515
Gorgon Group,USES,T1497,1516
Gorgon Group,USES,T1123,1517
Gamaredon Group,USES,T1059,1518
Gamaredon Group,USES,T1041,1519
Gamaredon Group,USES,T1083,1520
Gamaredon Group,USES,T1060,1521
Gamaredon Group,USES,T1071,1522
Gamaredon Group,USES,T1074,1523
Gamaredon Group,USES,T1105,1524
Gamaredon Group,USES,T1113,1525
Gamaredon Group,USES,T1107,1526
Gamaredon Group,USES,T1053,1527
Gamaredon Group,USES,T1085,1528
FIN8,USES,T1060,1529
FIN8,USES,T1071,1530
FIN8,USES,T1005,1531
FIN8,USES,T1074,1532
FIN8,USES,T1105,1533
FIN8,USES,T1035,1534
FIN8,USES,T1077,1535
FIN8,USES,T1027,1536
FIN8,USES,T1107,1537
FIN8,USES,T1036,1538
FIN8,USES,T1007,1539
FIN8,USES,T1087,1540
FIN8,USES,T1136,1541
FIN8,USES,T1126,1542
FIN8,USES,T1135,1543
FIN8,USES,T1201,1544
FIN8,USES,T1069,1545
FIN8,USES,T1018,1546
FIN8,USES,T1049,1547
FIN8,USES,T1124,1548
FIN8,USES,T1482,1549
FIN8,USES,T1085,1550
FIN8,USES,T1182,1551
FIN8,USES,T1129,1552
FIN7,USES,T1059,1553
FIN7,USES,T1057,1554
FIN7,USES,T1012,1555
FIN7,USES,T1060,1556
FIN7,USES,T1071,1557
FIN7,USES,T1082,1558
FIN7,USES,T1094,1559
FIN7,USES,T1032,1560
FIN7,USES,T1043,1561
FIN7,USES,T1003,1562
FIN7,USES,T1056,1563
FIN7,USES,T1105,1564
FIN7,USES,T1113,1565
FIN7,USES,T1027,1566
FIN7,USES,T1055,1567
FIN7,USES,T1107,1568
FIN7,USES,T1136,1569
FIN7,USES,T1086,1570
FIN7,USES,T1076,1571
FIN7,USES,T1047,1572
FIN7,USES,T1114,1573
FIN7,USES,T1024,1574
FIN7,USES,T1030,1575
FIN7,USES,T1096,1576
FIN7,USES,T1219,1577
FIN10,USES,T1059,1578
FIN10,USES,T1041,1579
FIN10,USES,T1083,1580
FIN10,USES,T1057,1581
FIN10,USES,T1060,1582
FIN10,USES,T1023,1583
FIN10,USES,T1071,1584
FIN10,USES,T1082,1585
FIN10,USES,T1032,1586
FIN10,USES,T1043,1587
FIN10,USES,T1003,1588
FIN10,USES,T1056,1589
FIN10,USES,T1105,1590
FIN10,USES,T1113,1591
FIN10,USES,T1081,1592
FIN10,USES,T1075,1593
FIN10,USES,T1097,1594
FIN10,USES,T1145,1595
FIN10,USES,T1101,1596
FIN10,USES,T1178,1597
FIN10,USES,T1035,1598
FIN10,USES,T1031,1599
FIN10,USES,T1027,1600
FIN10,USES,T1055,1601
FIN10,USES,T1102,1602
FIN10,USES,T1063,1603
FIN10,USES,T1038,1604
FIN10,USES,T1087,1605
FIN10,USES,T1136,1606
FIN10,USES,T1135,1607
FIN10,USES,T1049,1608
FIN10,USES,T1016,1609
FIN10,USES,T1134,1610
FIN10,USES,T1088,1611
FIN10,USES,T1175,1612
FIN10,USES,T1106,1613
FIN10,USES,T1068,1614
FIN10,USES,T1046,1615
FIN10,USES,T1086,1616
FIN10,USES,T1021,1617
FIN10,USES,T1064,1618
FIN10,USES,T1099,1619
FIN10,USES,T1047,1620
FIN10,USES,T1015,1621
FIN10,USES,T1217,1622
FIN10,USES,T1115,1623
FIN10,USES,T1002,1624
FIN10,USES,T1482,1625
FIN10,USES,T1114,1626
FIN10,USES,T1048,1627
FIN10,USES,T1210,1628
FIN10,USES,T1484,1629
FIN10,USES,T1179,1630
FIN10,USES,T1208,1631
FIN10,USES,T1171,1632
FIN10,USES,T1040,1633
FIN10,USES,T1034,1634
FIN10,USES,T1053,1635
FIN10,USES,T1127,1636
FIN10,USES,T1125,1637
FIN6,USES,T1059,1638
FIN6,USES,T1090,1639
FIN6,USES,T1057,1640
FIN6,USES,T1071,1641
FIN6,USES,T1005,1642
FIN6,USES,T1094,1643
FIN6,USES,T1043,1644
FIN6,USES,T1003,1645
FIN6,USES,T1056,1646
FIN6,USES,T1105,1647
FIN6,USES,T1113,1648
FIN6,USES,T1075,1649
FIN6,USES,T1035,1650
FIN6,USES,T1077,1651
FIN6,USES,T1050,1652
FIN6,USES,T1055,1653
FIN6,USES,T1107,1654
FIN6,USES,T1135,1655
FIN6,USES,T1018,1656
FIN6,USES,T1134,1657
FIN6,USES,T1197,1658
FIN6,USES,T1088,1659
FIN6,USES,T1175,1660
FIN6,USES,T1106,1661
FIN6,USES,T1068,1662
FIN6,USES,T1066,1663
FIN6,USES,T1185,1664
FIN6,USES,T1026,1665
FIN6,USES,T1046,1666
FIN6,USES,T1086,1667
FIN6,USES,T1093,1668
FIN6,USES,T1076,1669
FIN6,USES,T1021,1670
FIN6,USES,T1029,1671
FIN6,USES,T1064,1672
FIN6,USES,T1099,1673
FIN6,USES,T1078,1674
FIN6,USES,T1047,1675
FIN6,USES,T1028,1676
FIN6,USES,T1486,1677
FIN5,USES,T1090,1678
FIN5,USES,T1071,1679
FIN5,USES,T1022,1680
FIN5,USES,T1005,1681
FIN5,USES,T1074,1682
FIN5,USES,T1003,1683
FIN5,USES,T1035,1684
FIN5,USES,T1077,1685
FIN5,USES,T1050,1686
FIN5,USES,T1107,1687
FIN5,USES,T1036,1688
FIN5,USES,T1116,1689
FIN5,USES,T1485,1690
Elderwood,USES,T1059,1691
Elderwood,USES,T1090,1692
Elderwood,USES,T1083,1693
Elderwood,USES,T1112,1694
Elderwood,USES,T1057,1695
Elderwood,USES,T1012,1696
Elderwood,USES,T1060,1697
Elderwood,USES,T1071,1698
Elderwood,USES,T1082,1699
Elderwood,USES,T1005,1700
Elderwood,USES,T1074,1701
Elderwood,USES,T1094,1702
Elderwood,USES,T1008,1703
Elderwood,USES,T1032,1704
Elderwood,USES,T1043,1705
Elderwood,USES,T1056,1706
Elderwood,USES,T1105,1707
Elderwood,USES,T1113,1708
Elderwood,USES,T1035,1709
Elderwood,USES,T1010,1710
Elderwood,USES,T1031,1711
Elderwood,USES,T1050,1712
Elderwood,USES,T1027,1713
Elderwood,USES,T1055,1714
Elderwood,USES,T1014,1715
Elderwood,USES,T1065,1716
Elderwood,USES,T1107,1717
Elderwood,USES,T1007,1718
Elderwood,USES,T1016,1719
Elderwood,USES,T1134,1720
Elderwood,USES,T1029,1721
Elderwood,USES,T1048,1722
Elderwood,USES,T1070,1723
Elderwood,USES,T1085,1724
Elderwood,USES,T1024,1725
Elderwood,USES,T1116,1726
Elderwood,USES,T1177,1727
Elderwood,USES,T1129,1728
Dust Storm,USES,T1059,1729
Dust Storm,USES,T1083,1730
Dust Storm,USES,T1060,1731
Dust Storm,USES,T1023,1732
Dust Storm,USES,T1071,1733
Dust Storm,USES,T1082,1734
Dust Storm,USES,T1094,1735
Dust Storm,USES,T1008,1736
Dust Storm,USES,T1095,1737
Dust Storm,USES,T1043,1738
Dust Storm,USES,T1105,1739
Dust Storm,USES,T1113,1740
Dust Storm,USES,T1033,1741
Dust Storm,USES,T1050,1742
Dust Storm,USES,T1107,1743
Dust Storm,USES,T1036,1744
Dust Storm,USES,T1007,1745
Dust Storm,USES,T1087,1746
Dust Storm,USES,T1136,1747
Dust Storm,USES,T1016,1748
Dust Storm,USES,T1099,1749
Dust Storm,USES,T1002,1750
Dust Storm,USES,T1132,1751
Dust Storm,USES,T1070,1752
DragonOK,USES,T1059,1753
DragonOK,USES,T1083,1754
DragonOK,USES,T1112,1755
DragonOK,USES,T1057,1756
DragonOK,USES,T1012,1757
DragonOK,USES,T1060,1758
DragonOK,USES,T1071,1759
DragonOK,USES,T1005,1760
DragonOK,USES,T1074,1761
DragonOK,USES,T1094,1762
DragonOK,USES,T1032,1763
DragonOK,USES,T1095,1764
DragonOK,USES,T1043,1765
DragonOK,USES,T1056,1766
DragonOK,USES,T1105,1767
DragonOK,USES,T1113,1768
DragonOK,USES,T1010,1769
DragonOK,USES,T1031,1770
DragonOK,USES,T1050,1771
DragonOK,USES,T1027,1772
DragonOK,USES,T1055,1773
DragonOK,USES,T1014,1774
DragonOK,USES,T1065,1775
DragonOK,USES,T1102,1776
DragonOK,USES,T1036,1777
DragonOK,USES,T1135,1778
DragonOK,USES,T1049,1779
DragonOK,USES,T1106,1780
DragonOK,USES,T1026,1781
DragonOK,USES,T1127,1782
DragonOK,USES,T1073,1783
DragonOK,USES,T1497,1784
DragonOK,USES,T1140,1785
Dragonfly 2.0,USES,T1090,1786
Dragonfly 2.0,USES,T1089,1787
Dragonfly 2.0,USES,T1112,1788
Dragonfly 2.0,USES,T1012,1789
Dragonfly 2.0,USES,T1003,1790
Dragonfly 2.0,USES,T1035,1791
Dragonfly 2.0,USES,T1077,1792
Dragonfly 2.0,USES,T1063,1793
Dragonfly 2.0,USES,T1007,1794
Dragonfly 2.0,USES,T1087,1795
Dragonfly 2.0,USES,T1136,1796
Dragonfly 2.0,USES,T1126,1797
Dragonfly 2.0,USES,T1135,1798
Dragonfly 2.0,USES,T1201,1799
Dragonfly 2.0,USES,T1069,1800
Dragonfly 2.0,USES,T1018,1801
Dragonfly 2.0,USES,T1049,1802
Dragonfly 2.0,USES,T1124,1803
Dragonfly 2.0,USES,T1047,1804
Dragonfly 2.0,USES,T1208,1805
Dragonfly 2.0,USES,T1171,1806
Dragonfly 2.0,USES,T1040,1807
Dragonfly 2.0,USES,T1214,1808
Dragonfly 2.0,USES,T1128,1809
Dragonfly,USES,T1001,1810
Dragonfly,USES,T1083,1811
Dragonfly,USES,T1057,1812
Dragonfly,USES,T1060,1813
Dragonfly,USES,T1082,1814
Dragonfly,USES,T1022,1815
Dragonfly,USES,T1074,1816
Dragonfly,USES,T1003,1817
Dragonfly,USES,T1105,1818
Dragonfly,USES,T1113,1819
Dragonfly,USES,T1033,1820
Dragonfly,USES,T1055,1821
Dragonfly,USES,T1107,1822
Dragonfly,USES,T1016,1823
Dragonfly,USES,T1114,1824
Dragonfly,USES,T1045,1825
Deep Panda,USES,T1059,1826
Deep Panda,USES,T1083,1827
Deep Panda,USES,T1112,1828
Deep Panda,USES,T1057,1829
Deep Panda,USES,T1012,1830
Deep Panda,USES,T1060,1831
Deep Panda,USES,T1071,1832
Deep Panda,USES,T1082,1833
Deep Panda,USES,T1094,1834
Deep Panda,USES,T1008,1835
Deep Panda,USES,T1095,1836
Deep Panda,USES,T1043,1837
Deep Panda,USES,T1003,1838
Deep Panda,USES,T1056,1839
Deep Panda,USES,T1105,1840
Deep Panda,USES,T1113,1841
Deep Panda,USES,T1033,1842
Deep Panda,USES,T1035,1843
Deep Panda,USES,T1077,1844
Deep Panda,USES,T1050,1845
Deep Panda,USES,T1027,1846
Deep Panda,USES,T1055,1847
Deep Panda,USES,T1107,1848
Deep Panda,USES,T1063,1849
Deep Panda,USES,T1007,1850
Deep Panda,USES,T1087,1851
Deep Panda,USES,T1136,1852
Deep Panda,USES,T1126,1853
Deep Panda,USES,T1135,1854
Deep Panda,USES,T1201,1855
Deep Panda,USES,T1069,1856
Deep Panda,USES,T1018,1857
Deep Panda,USES,T1049,1858
Deep Panda,USES,T1124,1859
Deep Panda,USES,T1088,1860
Deep Panda,USES,T1099,1861
Deep Panda,USES,T1125,1862
Deep Panda,USES,T1073,1863
Deep Panda,USES,T1085,1864
Deep Panda,USES,T1024,1865
Deep Panda,USES,T1117,1866
Deep Panda,USES,T1123,1867
Dark Caracal,USES,T1059,1868
Dark Caracal,USES,T1083,1869
Dark Caracal,USES,T1057,1870
Dark Caracal,USES,T1012,1871
Dark Caracal,USES,T1060,1872
Dark Caracal,USES,T1082,1873
Dark Caracal,USES,T1056,1874
Dark Caracal,USES,T1113,1875
Dark Caracal,USES,T1050,1876
Dark Caracal,USES,T1027,1877
Dark Caracal,USES,T1055,1878
Dark Caracal,USES,T1036,1879
Dark Caracal,USES,T1063,1880
Dark Caracal,USES,T1038,1881
Dark Caracal,USES,T1134,1882
Dark Caracal,USES,T1088,1883
Dark Caracal,USES,T1093,1884
Dark Caracal,USES,T1179,1885
Dark Caracal,USES,T1125,1886
Dark Caracal,USES,T1073,1887
Dark Caracal,USES,T1070,1888
Dark Caracal,USES,T1045,1889
Dark Caracal,USES,T1497,1890
Dark Caracal,USES,T1140,1891
Dark Caracal,USES,T1159,1892
Dark Caracal,USES,T1009,1893
Dark Caracal,USES,T1123,1894
Dark Caracal,USES,T1067,1895
DarkHydrus,USES,T1059,1896
DarkHydrus,USES,T1090,1897
DarkHydrus,USES,T1001,1898
DarkHydrus,USES,T1057,1899
DarkHydrus,USES,T1060,1900
DarkHydrus,USES,T1023,1901
DarkHydrus,USES,T1071,1902
DarkHydrus,USES,T1082,1903
DarkHydrus,USES,T1005,1904
DarkHydrus,USES,T1094,1905
DarkHydrus,USES,T1043,1906
DarkHydrus,USES,T1003,1907
DarkHydrus,USES,T1056,1908
DarkHydrus,USES,T1105,1909
DarkHydrus,USES,T1113,1910
DarkHydrus,USES,T1033,1911
DarkHydrus,USES,T1098,1912
DarkHydrus,USES,T1081,1913
DarkHydrus,USES,T1207,1914
DarkHydrus,USES,T1075,1915
DarkHydrus,USES,T1097,1916
DarkHydrus,USES,T1145,1917
DarkHydrus,USES,T1101,1918
DarkHydrus,USES,T1178,1919
DarkHydrus,USES,T1035,1920
DarkHydrus,USES,T1077,1921
DarkHydrus,USES,T1050,1922
DarkHydrus,USES,T1027,1923
DarkHydrus,USES,T1055,1924
DarkHydrus,USES,T1102,1925
DarkHydrus,USES,T1063,1926
DarkHydrus,USES,T1135,1927
DarkHydrus,USES,T1018,1928
DarkHydrus,USES,T1016,1929
DarkHydrus,USES,T1134,1930
DarkHydrus,USES,T1197,1931
DarkHydrus,USES,T1088,1932
DarkHydrus,USES,T1175,1933
DarkHydrus,USES,T1106,1934
DarkHydrus,USES,T1068,1935
DarkHydrus,USES,T1066,1936
DarkHydrus,USES,T1185,1937
DarkHydrus,USES,T1026,1938
DarkHydrus,USES,T1046,1939
DarkHydrus,USES,T1086,1940
DarkHydrus,USES,T1093,1941
DarkHydrus,USES,T1076,1942
DarkHydrus,USES,T1021,1943
DarkHydrus,USES,T1029,1944
DarkHydrus,USES,T1064,1945
DarkHydrus,USES,T1099,1946
DarkHydrus,USES,T1078,1947
DarkHydrus,USES,T1047,1948
DarkHydrus,USES,T1028,1949
DarkHydrus,USES,T1497,1950
DarkHydrus,USES,T1140,1951
DarkHydrus,USES,T1117,1952
DarkHydrus,USES,T122,1953
Cobalt Group,USES,T1059,1954
Cobalt Group,USES,T1090,1955
Cobalt Group,USES,T1057,1956
Cobalt Group,USES,T1071,1957
Cobalt Group,USES,T1082,1958
Cobalt Group,USES,T1005,1959
Cobalt Group,USES,T1094,1960
Cobalt Group,USES,T1043,1961
Cobalt Group,USES,T1003,1962
Cobalt Group,USES,T1056,1963
Cobalt Group,USES,T1105,1964
Cobalt Group,USES,T1113,1965
Cobalt Group,USES,T1033,1966
Cobalt Group,USES,T1098,1967
Cobalt Group,USES,T1081,1968
Cobalt Group,USES,T1207,1969
Cobalt Group,USES,T1075,1970
Cobalt Group,USES,T1097,1971
Cobalt Group,USES,T1145,1972
Cobalt Group,USES,T1101,1973
Cobalt Group,USES,T1178,1974
Cobalt Group,USES,T1035,1975
Cobalt Group,USES,T1077,1976
Cobalt Group,USES,T1050,1977
Cobalt Group,USES,T1055,1978
Cobalt Group,USES,T1107,1979
Cobalt Group,USES,T1063,1980
Cobalt Group,USES,T1135,1981
Cobalt Group,USES,T1018,1982
Cobalt Group,USES,T1016,1983
Cobalt Group,USES,T1134,1984
Cobalt Group,USES,T1197,1985
Cobalt Group,USES,T1088,1986
Cobalt Group,USES,T1175,1987
Cobalt Group,USES,T1106,1988
Cobalt Group,USES,T1068,1989
Cobalt Group,USES,T1066,1990
Cobalt Group,USES,T1185,1991
Cobalt Group,USES,T1026,1992
Cobalt Group,USES,T1046,1993
Cobalt Group,USES,T1086,1994
Cobalt Group,USES,T1093,1995
Cobalt Group,USES,T1076,1996
Cobalt Group,USES,T1021,1997
Cobalt Group,USES,T1029,1998
Cobalt Group,USES,T1064,1999
Cobalt Group,USES,T1099,2000
Cobalt Group,USES,T1078,2001
Cobalt Group,USES,T1047,2002
Cobalt Group,USES,T1028,2003
Cobalt Group,USES,T1116,2004
Cobalt Group,USES,T1485,2005
Cleaver,USES,T1059,2006
Cleaver,USES,T1089,2007
Cleaver,USES,T1060,2008
Cleaver,USES,T1023,2009
Cleaver,USES,T1003,2010
Cleaver,USES,T1056,2011
Cleaver,USES,T1113,2012
Cleaver,USES,T1098,2013
Cleaver,USES,T1081,2014
Cleaver,USES,T1207,2015
Cleaver,USES,T1075,2016
Cleaver,USES,T1097,2017
Cleaver,USES,T1145,2018
Cleaver,USES,T1101,2019
Cleaver,USES,T1178,2020
Cleaver,USES,T1035,2021
Cleaver,USES,T1077,2022
Cleaver,USES,T1050,2023
Cleaver,USES,T1115,2024
Cleaver,USES,T1110,2025
Charming Kitten,USES,T1059,2026
Charming Kitten,USES,T1012,2027
Charming Kitten,USES,T1060,2028
Charming Kitten,USES,T1071,2029
Charming Kitten,USES,T1082,2030
Charming Kitten,USES,T1033,2031
Charming Kitten,USES,T1086,2032
Carbanak,USES,T1059,2033
Carbanak,USES,T1090,2034
Carbanak,USES,T1089,2035
Carbanak,USES,T1057,2036
Carbanak,USES,T1012,2037
Carbanak,USES,T1060,2038
Carbanak,USES,T1071,2039
Carbanak,USES,T1094,2040
Carbanak,USES,T1032,2041
Carbanak,USES,T1043,2042
Carbanak,USES,T1003,2043
Carbanak,USES,T1056,2044
Carbanak,USES,T1113,2045
Carbanak,USES,T1098,2046
Carbanak,USES,T1081,2047
Carbanak,USES,T1207,2048
Carbanak,USES,T1075,2049
Carbanak,USES,T1097,2050
Carbanak,USES,T1145,2051
Carbanak,USES,T1101,2052
Carbanak,USES,T1178,2053
Carbanak,USES,T1035,2054
Carbanak,USES,T1077,2055
Carbanak,USES,T1027,2056
Carbanak,USES,T1055,2057
Carbanak,USES,T1107,2058
Carbanak,USES,T1063,2059
Carbanak,USES,T1136,2060
Carbanak,USES,T1076,2061
Carbanak,USES,T1114,2062
Carbanak,USES,T1024,2063
Carbanak,USES,T1030,2064
Carbanak,USES,T1128,2065
Carbanak,USES,T1219,2066
BRONZE BUTLER,USES,T1059,2067
BRONZE BUTLER,USES,T1001,2068
BRONZE BUTLER,USES,T1083,2069
BRONZE BUTLER,USES,T1071,2070
BRONZE BUTLER,USES,T1082,2071
BRONZE BUTLER,USES,T1022,2072
BRONZE BUTLER,USES,T1032,2073
BRONZE BUTLER,USES,T1003,2074
BRONZE BUTLER,USES,T1056,2075
BRONZE BUTLER,USES,T1105,2076
BRONZE BUTLER,USES,T1113,2077
BRONZE BUTLER,USES,T1098,2078
BRONZE BUTLER,USES,T1081,2079
BRONZE BUTLER,USES,T1207,2080
BRONZE BUTLER,USES,T1075,2081
BRONZE BUTLER,USES,T1097,2082
BRONZE BUTLER,USES,T1145,2083
BRONZE BUTLER,USES,T1101,2084
BRONZE BUTLER,USES,T1178,2085
BRONZE BUTLER,USES,T1035,2086
BRONZE BUTLER,USES,T1077,2087
BRONZE BUTLER,USES,T1027,2088
BRONZE BUTLER,USES,T1107,2089
BRONZE BUTLER,USES,T1036,2090
BRONZE BUTLER,USES,T1007,2091
BRONZE BUTLER,USES,T1087,2092
BRONZE BUTLER,USES,T1136,2093
BRONZE BUTLER,USES,T1126,2094
BRONZE BUTLER,USES,T1135,2095
BRONZE BUTLER,USES,T1201,2096
BRONZE BUTLER,USES,T1069,2097
BRONZE BUTLER,USES,T1018,2098
BRONZE BUTLER,USES,T1049,2099
BRONZE BUTLER,USES,T1124,2100
BRONZE BUTLER,USES,T1066,2101
BRONZE BUTLER,USES,T1002,2102
BRONZE BUTLER,USES,T1053,2103
BRONZE BUTLER,USES,T1132,2104
BRONZE BUTLER,USES,T1116,2105
BRONZE BUTLER,USES,T1045,2106
Axiom,USES,T1059,2107
Axiom,USES,T1090,2108
Axiom,USES,T1083,2109
Axiom,USES,T1112,2110
Axiom,USES,T1057,2111
Axiom,USES,T1012,2112
Axiom,USES,T1082,2113
Axiom,USES,T1005,2114
Axiom,USES,T1094,2115
Axiom,USES,T1008,2116
Axiom,USES,T1095,2117
Axiom,USES,T1043,2118
Axiom,USES,T1056,2119
Axiom,USES,T1105,2120
Axiom,USES,T1113,2121
Axiom,USES,T1033,2122
Axiom,USES,T1035,2123
Axiom,USES,T1050,2124
Axiom,USES,T1027,2125
Axiom,USES,T1055,2126
Axiom,USES,T1107,2127
Axiom,USES,T1007,2128
Axiom,USES,T1016,2129
Axiom,USES,T1134,2130
Axiom,USES,T1099,2131
Axiom,USES,T1048,2132
Axiom,USES,T1125,2133
Axiom,USES,T1070,2134
Axiom,USES,T1024,2135
Axiom,USES,T1117,2136
Axiom,USES,T1123,2137
Axiom,USES,T1129,2138
APT39,USES,T1059,2139
APT39,USES,T1041,2140
APT39,USES,T1083,2141
APT39,USES,T1060,2142
APT39,USES,T1071,2143
APT39,USES,T1022,2144
APT39,USES,T1003,2145
APT39,USES,T1056,2146
APT39,USES,T1113,2147
APT39,USES,T1098,2148
APT39,USES,T1081,2149
APT39,USES,T1207,2150
APT39,USES,T1075,2151
APT39,USES,T1097,2152
APT39,USES,T1145,2153
APT39,USES,T1101,2154
APT39,USES,T1178,2155
APT39,USES,T1035,2156
APT39,USES,T1077,2157
APT39,USES,T1010,2158
APT39,USES,T1027,2159
APT39,USES,T1064,2160
APT39,USES,T1047,2161
APT39,USES,T1115,2162
APT39,USES,T1053,2163
APT39,USES,T1140,2164
APT39,USES,T1004,2165
APT39,USES,T1100,2166
APT38,USES,T1059,2167
APT38,USES,T1089,2168
APT38,USES,T1112,2169
APT38,USES,T1057,2170
APT38,USES,T1060,2171
APT38,USES,T1071,2172
APT38,USES,T1082,2173
APT38,USES,T1003,2174
APT38,USES,T1056,2175
APT38,USES,T1105,2176
APT38,USES,T1033,2177
APT38,USES,T1098,2178
APT38,USES,T1081,2179
APT38,USES,T1207,2180
APT38,USES,T1075,2181
APT38,USES,T1097,2182
APT38,USES,T1145,2183
APT38,USES,T1101,2184
APT38,USES,T1178,2185
APT38,USES,T1035,2186
APT38,USES,T1077,2187
APT38,USES,T1036,2188
APT38,USES,T1007,2189
APT38,USES,T1087,2190
APT38,USES,T1136,2191
APT38,USES,T1126,2192
APT38,USES,T1135,2193
APT38,USES,T1201,2194
APT38,USES,T1069,2195
APT38,USES,T1018,2196
APT38,USES,T1049,2197
APT38,USES,T1124,2198
APT38,USES,T1076,2199
APT38,USES,T1064,2200
APT38,USES,T1115,2201
APT38,USES,T1125,2202
APT38,USES,T1045,2203
APT38,USES,T1123,2204
APT33,USES,T1059,2205
APT33,USES,T1090,2206
APT33,USES,T1089,2207
APT33,USES,T1041,2208
APT33,USES,T1083,2209
APT33,USES,T1112,2210
APT33,USES,T1057,2211
APT33,USES,T1012,2212
APT33,USES,T1060,2213
APT33,USES,T1023,2214
APT33,USES,T1071,2215
APT33,USES,T1082,2216
APT33,USES,T1005,2217
APT33,USES,T1032,2218
APT33,USES,T1043,2219
APT33,USES,T1003,2220
APT33,USES,T1056,2221
APT33,USES,T1105,2222
APT33,USES,T1113,2223
APT33,USES,T1033,2224
APT33,USES,T1098,2225
APT33,USES,T1081,2226
APT33,USES,T1207,2227
APT33,USES,T1075,2228
APT33,USES,T1097,2229
APT33,USES,T1145,2230
APT33,USES,T1101,2231
APT33,USES,T1178,2232
APT33,USES,T1035,2233
APT33,USES,T1077,2234
APT33,USES,T1031,2235
APT33,USES,T1050,2236
APT33,USES,T1027,2237
APT33,USES,T1055,2238
APT33,USES,T1065,2239
APT33,USES,T1102,2240
APT33,USES,T1036,2241
APT33,USES,T1063,2242
APT33,USES,T1007,2243
APT33,USES,T1038,2244
APT33,USES,T1087,2245
APT33,USES,T1136,2246
APT33,USES,T1126,2247
APT33,USES,T1135,2248
APT33,USES,T1201,2249
APT33,USES,T1069,2250
APT33,USES,T1018,2251
APT33,USES,T1049,2252
APT33,USES,T1124,2253
APT33,USES,T1016,2254
APT33,USES,T1134,2255
APT33,USES,T1088,2256
APT33,USES,T1175,2257
APT33,USES,T1106,2258
APT33,USES,T1068,2259
APT33,USES,T1066,2260
APT33,USES,T1046,2261
APT33,USES,T1086,2262
APT33,USES,T1076,2263
APT33,USES,T1021,2264
APT33,USES,T1064,2265
APT33,USES,T1099,2266
APT33,USES,T1078,2267
APT33,USES,T1047,2268
APT33,USES,T1015,2269
APT33,USES,T1217,2270
APT33,USES,T1115,2271
APT33,USES,T1002,2272
APT33,USES,T1482,2273
APT33,USES,T1114,2274
APT33,USES,T1048,2275
APT33,USES,T1210,2276
APT33,USES,T1484,2277
APT33,USES,T1179,2278
APT33,USES,T1208,2279
APT33,USES,T1171,2280
APT33,USES,T1040,2281
APT33,USES,T1034,2282
APT33,USES,T1053,2283
APT33,USES,T1127,2284
APT33,USES,T1125,2285
APT33,USES,T1132,2286
APT33,USES,T1070,2287
APT33,USES,T1116,2288
APT33,USES,T1485,2289
APT33,USES,T1084,2290
APT33,USES,T1497,2291
APT33,USES,T1079,2292
APT33,USES,T1119,2293
APT33,USES,T1110,2294
APT33,USES,T1214,2295
APT33,USES,T1123,2296
APT33,USES,T1501,2297
APT33,USES,T1486,2298
APT33,USES,T1487,2299
APT33,USES,T1137,2300
APT37,USES,T1059,2301
APT37,USES,T1041,2302
APT37,USES,T1083,2303
APT37,USES,T1057,2304
APT37,USES,T1012,2305
APT37,USES,T1060,2306
APT37,USES,T1071,2307
APT37,USES,T1082,2308
APT37,USES,T1022,2309
APT37,USES,T1074,2310
APT37,USES,T1003,2311
APT37,USES,T1056,2312
APT37,USES,T1105,2313
APT37,USES,T1113,2314
APT37,USES,T1033,2315
APT37,USES,T1010,2316
APT37,USES,T1027,2317
APT37,USES,T1055,2318
APT37,USES,T1102,2319
APT37,USES,T1063,2320
APT37,USES,T1007,2321
APT37,USES,T1064,2322
APT37,USES,T1002,2323
APT37,USES,T1497,2324
APT37,USES,T1140,2325
APT37,USES,T1123,2326
APT37,USES,T1189,2327
APT32,USES,T1059,2328
APT32,USES,T1090,2329
APT32,USES,T1089,2330
APT32,USES,T1083,2331
APT32,USES,T1112,2332
APT32,USES,T1057,2333
APT32,USES,T1012,2334
APT32,USES,T1071,2335
APT32,USES,T1082,2336
APT32,USES,T1022,2337
APT32,USES,T1005,2338
APT32,USES,T1094,2339
APT32,USES,T1095,2340
APT32,USES,T1043,2341
APT32,USES,T1003,2342
APT32,USES,T1056,2343
APT32,USES,T1105,2344
APT32,USES,T1113,2345
APT32,USES,T1033,2346
APT32,USES,T1098,2347
APT32,USES,T1081,2348
APT32,USES,T1207,2349
APT32,USES,T1075,2350
APT32,USES,T1097,2351
APT32,USES,T1145,2352
APT32,USES,T1101,2353
APT32,USES,T1178,2354
APT32,USES,T1035,2355
APT32,USES,T1077,2356
APT32,USES,T1010,2357
APT32,USES,T1050,2358
APT32,USES,T1027,2359
APT32,USES,T1055,2360
APT32,USES,T1107,2361
APT32,USES,T1063,2362
APT32,USES,T1007,2363
APT32,USES,T1087,2364
APT32,USES,T1136,2365
APT32,USES,T1126,2366
APT32,USES,T1135,2367
APT32,USES,T1201,2368
APT32,USES,T1069,2369
APT32,USES,T1018,2370
APT32,USES,T1049,2371
APT32,USES,T1124,2372
APT32,USES,T1016,2373
APT32,USES,T1134,2374
APT32,USES,T1197,2375
APT32,USES,T1088,2376
APT32,USES,T1175,2377
APT32,USES,T1106,2378
APT32,USES,T1068,2379
APT32,USES,T1066,2380
APT32,USES,T1185,2381
APT32,USES,T1026,2382
APT32,USES,T1046,2383
APT32,USES,T1086,2384
APT32,USES,T1093,2385
APT32,USES,T1076,2386
APT32,USES,T1021,2387
APT32,USES,T1029,2388
APT32,USES,T1064,2389
APT32,USES,T1099,2390
APT32,USES,T1078,2391
APT32,USES,T1047,2392
APT32,USES,T1028,2393
APT32,USES,T1002,2394
APT32,USES,T1073,2395
APT32,USES,T1132,2396
APT32,USES,T1140,2397
APT32,USES,T1158,2398
APT32,USES,T1159,2399
APT32,USES,T1128,2400
APT32,USES,T1160,2401
Patchwork,USED,PowerShell,2402
Patchwork,TARGETED,government systems,2403
Patchwork,ESTABLISHED,persistence,2404
Patchwork,USED_FOR_PERSISTENCE,registry run keys,2405
PowerShell,EXECUTED,malicious commands,2406
malicious commands,TARGETED,government systems,2407
The attackers,EXPLOITED,CVE-2017-11882,2408
CVE-2017-11882,LED_TO,initial access,2409
CVE-2017-11882,LED_TO,gain access,2410
Data,EXFILTRATED_TO,remote servers,2411
Exfiltration,OCCURRED_IN,March 2024,2412
Exfiltration,OCCURRED_ON,March 2024,2413
Persistence,VIA,registry run keys,2414
