APT30	USES	T1059
APT30	USES	T1090
APT30	USES	T1001
APT30	USES	T1089
APT30	USES	T1041
APT30	USES	T1083
APT30	USES	T1112
APT30	USES	T1104
APT30	USES	T1057
APT30	USES	T1012
APT30	USES	T1060
APT30	USES	T1023
APT30	USES	T1071
APT30	USES	T1082
APT30	USES	T1091
APT30	USES	T1022
APT30	USES	T1005
APT30	USES	T1025
APT30	USES	T1074
APT30	USES	T1052
APT30	USES	T1094
APT30	USES	T1008
APT30	USES	T1032
APT30	USES	T1095
APT12	USES	T1001
APT12	USES	T1071
APT12	USES	T1032
APT12	USES	T1043
APT1	USES	T1059
APT1	USES	T1083
APT1	USES	T1112
APT1	USES	T1057
APT1	USES	T1060
APT1	USES	T1071
APT1	USES	T1082
APT1	USES	T1005
APT1	USES	T1074
APT1	USES	T1094
APT1	USES	T1008
APT1	USES	T1032
APT1	USES	T1003
APT1	USES	T1056
APT1	USES	T1105
APT1	USES	T1113
APT1	USES	T1033
APT1	USES	T1098
APT1	USES	T1081
APT1	USES	T1207
APT1	USES	T1075
APT1	USES	T1097
APT1	USES	T1145
APT1	USES	T1101
APT1	USES	T1178
APT1	USES	T1035
APT1	USES	T1077
APT1	USES	T1010
APT1	USES	T1031
APT1	USES	T1050
APT1	USES	T1027
APT1	USES	T1055
APT1	USES	T1014
APT1	USES	T1065
APT1	USES	T1102
APT1	USES	T1107
APT1	USES	T1036
APT1	USES	T1063
APT1	USES	T1007
APT1	USES	T1038
APT1	USES	T1087
APT1	USES	T1136
APT1	USES	T1126
APT1	USES	T1135
APT1	USES	T1201
APT1	USES	T1069
APT1	USES	T1018
APT1	USES	T1049
APT1	USES	T1124
APT1	USES	T1016
APT19	USES	T1059
APT19	USES	T1090
APT19	USES	T1041
APT19	USES	T1083
APT19	USES	T1057
APT19	USES	T1060
APT19	USES	T1023
APT19	USES	T1071
APT19	USES	T1082
APT19	USES	T1005
APT19	USES	T1094
APT19	USES	T1032
APT19	USES	T1043
APT19	USES	T1003
APT19	USES	T1056
APT19	USES	T1105
APT19	USES	T1113
APT19	USES	T1081
APT19	USES	T1075
APT19	USES	T1097
APT19	USES	T1145
APT19	USES	T1101
APT19	USES	T1178
APT19	USES	T1035
APT19	USES	T1077
APT19	USES	T1031
APT19	USES	T1050
APT19	USES	T1027
APT19	USES	T1055
APT19	USES	T1102
APT19	USES	T1063
APT19	USES	T1038
APT19	USES	T1087
APT19	USES	T1136
APT19	USES	T1135
APT19	USES	T1018
APT19	USES	T1049
APT19	USES	T1016
APT19	USES	T1134
APT19	USES	T1197
APT19	USES	T1088
APT19	USES	T1175
APT19	USES	T1106
APT19	USES	T1068
APT19	USES	T1066
APT19	USES	T1185
APT19	USES	T1026
APT19	USES	T1046
APT19	USES	T1086
APT19	USES	T1093
APT19	USES	T1076
APT19	USES	T1021
APT19	USES	T1029
APT19	USES	T1064
APT19	USES	T1099
APT19	USES	T1078
APT19	USES	T1047
APT19	USES	T1028
APT19	USES	T1015
APT19	USES	T1217
APT19	USES	T1115
APT19	USES	T1002
APT19	USES	T1482
APT19	USES	T1114
APT19	USES	T1048
APT19	USES	T1210
APT19	USES	T1484
APT19	USES	T1179
APT19	USES	T1208
APT19	USES	T1171
APT19	USES	T1040
APT19	USES	T1034
APT19	USES	T1053
APT19	USES	T1127
APT19	USES	T1125
APT16	USES	T1083
APT16	USES	T1057
APT16	USES	T1071
APT16	USES	T1043
APT18	USES	T1059
APT18	USES	T1083
APT18	USES	T1057
APT18	USES	T1060
APT18	USES	T1071
APT18	USES	T1082
APT18	USES	T1032
APT18	USES	T1043
APT18	USES	T1056
APT18	USES	T1105
APT18	USES	T1113
APT18	USES	T1050
APT18	USES	T1027
APT18	USES	T1107
APT18	USES	T1036
APT18	USES	T1038
APT18	USES	T1016
APT18	USES	T1073
APT18	USES	T1132
APT18	USES	T1070
APT18	USES	T1085
APT17	USES	T1059
APT17	USES	T1083
APT17	USES	T1104
APT17	USES	T1057
APT17	USES	T1102
APT17	USES	T1107
APT29	USES	T1059
APT29	USES	T1090
APT29	USES	T1001
APT29	USES	T1083
APT29	USES	T1057
APT29	USES	T1060
APT29	USES	T1023
APT29	USES	T1071
APT29	USES	T1082
APT29	USES	T1005
APT29	USES	T1025
APT29	USES	T1094
APT29	USES	T1008
APT29	USES	T1032
APT29	USES	T1043
APT29	USES	T1003
APT29	USES	T1056
APT29	USES	T1105
APT29	USES	T1113
APT29	USES	T1033
APT29	USES	T1098
APT29	USES	T1081
APT29	USES	T1207
APT29	USES	T1075
APT29	USES	T1097
APT29	USES	T1145
APT29	USES	T1101
APT29	USES	T1178
APT29	USES	T1035
APT29	USES	T1077
APT29	USES	T1010
APT29	USES	T1050
APT29	USES	T1027
APT29	USES	T1055
APT29	USES	T1102
APT29	USES	T1107
APT29	USES	T1036
APT29	USES	T1063
APT29	USES	T1007
APT29	USES	T1087
APT29	USES	T1135
APT29	USES	T1018
APT29	USES	T1124
APT29	USES	T1016
APT29	USES	T1134
APT29	USES	T1197
APT29	USES	T1088
APT29	USES	T1175
APT29	USES	T1106
APT29	USES	T1068
APT29	USES	T1066
APT29	USES	T1185
APT29	USES	T1026
APT29	USES	T1046
APT29	USES	T1086
APT29	USES	T1093
APT29	USES	T1076
APT29	USES	T1021
APT29	USES	T1029
APT29	USES	T1064
APT29	USES	T1099
APT29	USES	T1078
APT29	USES	T1047
APT29	USES	T1028
APT29	USES	T1115
APT29	USES	T1002
APT29	USES	T1114
APT29	USES	T1048
APT29	USES	T1053
APT29	USES	T1132
APT29	USES	T1085
APT29	USES	T1024
APT29	USES	T1116
APT29	USES	T1485
APT29	USES	T1020
APT29	USES	T1039
APT29	USES	T1045
APT29	USES	T1084
APT29	USES	T1172
APT29	USES	T1497
APT29	USES	T1030
APT29	USES	T1483
APT29	USES	T1188
APT29	USES	T1079
APT29	USES	T1096
APT3	USES	T1059
APT3	USES	T1083
APT3	USES	T1112
APT3	USES	T1057
APT3	USES	T1012
APT3	USES	T1060
APT3	USES	T1071
APT3	USES	T1082
APT3	USES	T1094
APT3	USES	T1095
APT3	USES	T1043
APT3	USES	T1003
APT3	USES	T1056
APT3	USES	T1105
APT3	USES	T1113
APT3	USES	T1081
APT3	USES	T1035
APT3	USES	T1031
APT3	USES	T1050
APT3	USES	T1027
APT3	USES	T1102
APT3	USES	T1036
APT3	USES	T1087
APT3	USES	T1135
APT3	USES	T1069
APT3	USES	T1018
APT3	USES	T1049
APT3	USES	T1016
APT3	USES	T1106
APT3	USES	T1026
APT3	USES	T1053
APT3	USES	T1127
APT3	USES	T1073
APT3	USES	T1497
APT3	USES	T1140
admin@338	USES	T1059
admin@338	USES	T1112
admin@338	USES	T1060
admin@338	USES	T1071
admin@338	USES	T1082
admin@338	USES	T1005
admin@338	USES	T1074
admin@338	USES	T1032
admin@338	USES	T1095
admin@338	USES	T1043
admin@338	USES	T1056
admin@338	USES	T1105
admin@338	USES	T1035
admin@338	USES	T1077
admin@338	USES	T1010
admin@338	USES	T1031
admin@338	USES	T1050
admin@338	USES	T1027
admin@338	USES	T1055
admin@338	USES	T1014
admin@338	USES	T1065
admin@338	USES	T1102
admin@338	USES	T1007
admin@338	USES	T1087
admin@338	USES	T1136
admin@338	USES	T1126
admin@338	USES	T1135
admin@338	USES	T1201
admin@338	USES	T1069
admin@338	USES	T1018
admin@338	USES	T1049
admin@338	USES	T1124
admin@338	USES	T1016
APT28	USES	T1059
APT28	USES	T1090
APT28	USES	T1041
APT28	USES	T1083
APT28	USES	T1112
APT28	USES	T1057
APT28	USES	T1012
APT28	USES	T1060
APT28	USES	T1071
APT28	USES	T1082
APT28	USES	T1091
APT28	USES	T1022
APT28	USES	T1005
APT28	USES	T1025
APT28	USES	T1074
APT28	USES	T1052
APT28	USES	T1094
APT28	USES	T1008
APT28	USES	T1032
APT28	USES	T1043
APT28	USES	T1003
APT28	USES	T1056
APT28	USES	T1105
APT28	USES	T1113
APT28	USES	T1033
APT28	USES	T1098
APT28	USES	T1081
APT28	USES	T1207
APT28	USES	T1075
APT28	USES	T1097
APT28	USES	T1145
APT28	USES	T1101
APT28	USES	T1178
APT28	USES	T1035
APT28	USES	T1050
APT28	USES	T1027
APT28	USES	T1055
APT28	USES	T1014
APT28	USES	T1065
APT28	USES	T1107
APT28	USES	T1036
APT28	USES	T1063
APT28	USES	T1135
APT28	USES	T1124
APT28	USES	T1016
APT28	USES	T1088
APT28	USES	T1106
APT28	USES	T1068
APT28	USES	T1046
APT28	USES	T1076
APT28	USES	T1029
APT28	USES	T1064
APT28	USES	T1099
APT28	USES	T1047
APT28	USES	T1115
APT28	USES	T1002
APT28	USES	T1179
APT28	USES	T1171
APT28	USES	T1040
APT28	USES	T1053
APT28	USES	T1132
APT28	USES	T1085
APT28	USES	T1024
APT28	USES	T1020
APT28	USES	T1045
APT28	USES	T1497
APT28	USES	T1483
APT28	USES	T1140
APT28	USES	T1202
APT28	USES	T1120
APT28	USES	T1130
APT28	USES	T1122
APT28	USES	T1037
APT28	USES	T1158
APT28	USES	T1159
APT28	USES	T1203
APT28	USES	T1004
APT28	USES	T1119
APT28	USES	T1092
APT28	USES	T1009
APT28	USES	T1170
APT28	USES	T1117
APT28	USES	T1430
APT28	USES	T1444
Winnti Group	USES	T1050
Winnti Group	USES	T1036
Winnti Group	USES	T1085
TEMP.Veles	USES	T1003
TEMP.Veles	USES	T1098
TEMP.Veles	USES	T1081
TEMP.Veles	USES	T1207
TEMP.Veles	USES	T1075
TEMP.Veles	USES	T1097
TEMP.Veles	USES	T1145
TEMP.Veles	USES	T1101
TEMP.Veles	USES	T1178
TEMP.Veles	USES	T1035
TEMP.Veles	USES	T1077
Thrip	USES	T1112
Thrip	USES	T1074
Thrip	USES	T1003
Thrip	USES	T1056
Thrip	USES	T1113
Thrip	USES	T1098
Thrip	USES	T1081
Thrip	USES	T1207
Thrip	USES	T1075
Thrip	USES	T1097
Thrip	USES	T1145
Thrip	USES	T1101
Thrip	USES	T1178
Thrip	USES	T1035
Thrip	USES	T1077
Thrip	USES	T1010
Thrip	USES	T1050
Thrip	USES	T1036
Thrip	USES	T1016
Thrip	USES	T1115
Threat Group-1314	USES	T1035
Threat Group-1314	USES	T1077
Threat Group-1314	USES	T1007
Threat Group-1314	USES	T1087
Threat Group-1314	USES	T1136
Threat Group-1314	USES	T1126
Threat Group-1314	USES	T1135
Threat Group-1314	USES	T1201
Threat Group-1314	USES	T1069
Threat Group-1314	USES	T1018
Threat Group-1314	USES	T1049
Threat Group-1314	USES	T1124
Threat Group-3390	USES	T1059
Threat Group-3390	USES	T1083
Threat Group-3390	USES	T1112
Threat Group-3390	USES	T1057
Threat Group-3390	USES	T1012
Threat Group-3390	USES	T1060
Threat Group-3390	USES	T1071
Threat Group-3390	USES	T1022
Threat Group-3390	USES	T1005
Threat Group-3390	USES	T1094
Threat Group-3390	USES	T1095
Threat Group-3390	USES	T1043
Threat Group-3390	USES	T1003
Threat Group-3390	USES	T1056
Threat Group-3390	USES	T1105
Threat Group-3390	USES	T1113
Threat Group-3390	USES	T1098
Threat Group-3390	USES	T1081
Threat Group-3390	USES	T1207
Threat Group-3390	USES	T1075
Threat Group-3390	USES	T1097
Threat Group-3390	USES	T1145
Threat Group-3390	USES	T1101
Threat Group-3390	USES	T1178
Threat Group-3390	USES	T1035
Threat Group-3390	USES	T1077
Threat Group-3390	USES	T1031
Threat Group-3390	USES	T1050
Threat Group-3390	USES	T1027
Threat Group-3390	USES	T1102
Threat Group-3390	USES	T1107
Threat Group-3390	USES	T1036
Threat Group-3390	USES	T1007
Threat Group-3390	USES	T1038
Threat Group-3390	USES	T1087
Threat Group-3390	USES	T1136
Threat Group-3390	USES	T1126
Threat Group-3390	USES	T1135
Threat Group-3390	USES	T1201
Threat Group-3390	USES	T1069
Threat Group-3390	USES	T1018
Threat Group-3390	USES	T1049
Threat Group-3390	USES	T1124
Threat Group-3390	USES	T1016
Threat Group-3390	USES	T1106
Threat Group-3390	USES	T1026
Threat Group-3390	USES	T1046
Threat Group-3390	USES	T1064
Threat Group-3390	USES	T1099
Threat Group-3390	USES	T1127
Threat Group-3390	USES	T1073
Threat Group-3390	USES	T1045
Threat Group-3390	USES	T1497
Threat Group-3390	USES	T1140
Threat Group-3390	USES	T1110
Threat Group-3390	USES	T1100
Turla	USES	T1059
Turla	USES	T1090
Turla	USES	T1041
Turla	USES	T1083
Turla	USES	T1112
Turla	USES	T1057
Turla	USES	T1012
Turla	USES	T1060
Turla	USES	T1023
Turla	USES	T1071
Turla	USES	T1082
Turla	USES	T1022
Turla	USES	T1005
Turla	USES	T1074
Turla	USES	T1008
Turla	USES	T1032
Turla	USES	T1095
Turla	USES	T1043
Turla	USES	T1003
Turla	USES	T1056
Turla	USES	T1105
Turla	USES	T1113
Turla	USES	T1033
Turla	USES	T1098
Turla	USES	T1081
Turla	USES	T1207
Turla	USES	T1075
Turla	USES	T1097
Turla	USES	T1145
Turla	USES	T1101
Turla	USES	T1178
Turla	USES	T1035
Turla	USES	T1077
Turla	USES	T1010
Turla	USES	T1031
Turla	USES	T1050
Turla	USES	T1027
Turla	USES	T1055
Turla	USES	T1014
Turla	USES	T1102
Turla	USES	T1107
Turla	USES	T1063
Turla	USES	T1007
Turla	USES	T1038
Turla	USES	T1087
Turla	USES	T1136
Turla	USES	T1126
Turla	USES	T1135
Turla	USES	T1201
Turla	USES	T1069
Turla	USES	T1018
Turla	USES	T1049
Turla	USES	T1124
Turla	USES	T1016
Turla	USES	T1134
Turla	USES	T1088
Turla	USES	T1175
Turla	USES	T1106
Turla	USES	T1068
Turla	USES	T1046
Turla	USES	T1086
Turla	USES	T1021
Turla	USES	T1029
Turla	USES	T1064
Turla	USES	T1099
Turla	USES	T1047
Turla	USES	T1015
Turla	USES	T1217
Turla	USES	T1115
Turla	USES	T1002
Turla	USES	T1482
Turla	USES	T1114
Turla	USES	T1048
Turla	USES	T1210
Turla	USES	T1484
Turla	USES	T1179
Turla	USES	T1208
Turla	USES	T1171
Turla	USES	T1040
Turla	USES	T1034
Turla	USES	T1053
Turla	USES	T1127
Turla	USES	T1125
Turla	USES	T1132
Turla	USES	T1085
Turla	USES	T1024
Turla	USES	T1116
Turla	USES	T1485
Turla	USES	T1045
Turla	USES	T1096
Turla	USES	T1140
Turla	USES	T1122
Turla	USES	T1004
Turla	USES	T1180
Turla	USES	T1214
Tropic Trooper	USES	T1059
Tropic Trooper	USES	T1112
Tropic Trooper	USES	T1060
Tropic Trooper	USES	T1005
Tropic Trooper	USES	T1074
Tropic Trooper	USES	T1032
Tropic Trooper	USES	T1056
Tropic Trooper	USES	T1105
Tropic Trooper	USES	T1010
Tropic Trooper	USES	T1031
Tropic Trooper	USES	T1050
Tropic Trooper	USES	T1027
Tropic Trooper	USES	T1055
Tropic Trooper	USES	T1014
Tropic Trooper	USES	T1065
TA459	USES	T1059
TA459	USES	T1001
TA459	USES	T1083
TA459	USES	T1112
TA459	USES	T1057
TA459	USES	T1012
TA459	USES	T1060
TA459	USES	T1071
TA459	USES	T1082
TA459	USES	T1094
TA459	USES	T1032
TA459	USES	T1095
TA459	USES	T1043
TA459	USES	T1056
TA459	USES	T1105
TA459	USES	T1113
TA459	USES	T1010
TA459	USES	T1031
TA459	USES	T1050
TA459	USES	T1027
TA459	USES	T1102
TA459	USES	T1107
TA459	USES	T1036
TA459	USES	T1135
TA459	USES	T1049
TA459	USES	T1016
TA459	USES	T1088
TA459	USES	T1106
TA459	USES	T1026
TA459	USES	T1127
TA459	USES	T1073
TA459	USES	T1070
TA459	USES	T1085
TA459	USES	T1045
TA459	USES	T1497
TA459	USES	T1140
TA459	USES	T1009
Suckfly	USES	T1032
Suckfly	USES	T1043
Suckfly	USES	T1105
Suckfly	USES	T1050
Suckfly	USES	T1036
Stolen Pencil	USES	T1003
Stolen Pencil	USES	T1098
Stolen Pencil	USES	T1081
Stolen Pencil	USES	T1207
Stolen Pencil	USES	T1075
Stolen Pencil	USES	T1097
Stolen Pencil	USES	T1145
Stolen Pencil	USES	T1101
Stolen Pencil	USES	T1178
Stolen Pencil	USES	T1035
Stolen Pencil	USES	T1077
Strider	USES	T1089
Strider	USES	T1083
Strider	USES	T1057
Strider	USES	T1071
Strider	USES	T1082
Strider	USES	T1025
Strider	USES	T1052
Strider	USES	T1094
Strider	USES	T1032
Strider	USES	T1095
Strider	USES	T1003
Strider	USES	T1056
Strider	USES	T1105
Strider	USES	T1033
Strider	USES	T1027
Strider	USES	T1055
Strider	USES	T1065
Strider	USES	T1107
Strider	USES	T1036
Strider	USES	T1063
Strider	USES	T1087
Strider	USES	T1018
Strider	USES	T1049
Strider	USES	T1016
Strider	USES	T1068
Strider	USES	T1046
Strider	USES	T1048
Strider	USES	T1053
Strider	USES	T1174
Sowbug	USES	T1059
Sowbug	USES	T1071
Sowbug	USES	T1082
Sowbug	USES	T1032
Sowbug	USES	T1105
Sowbug	USES	T1033
Sowbug	USES	T1036
Sowbug	USES	T1063
Sowbug	USES	T1016
Sowbug	USES	T1024
Sowbug	USES	T1140
SilverTerrier	USES	T1059
SilverTerrier	USES	T1089
SilverTerrier	USES	T1112
SilverTerrier	USES	T1057
SilverTerrier	USES	T1060
SilverTerrier	USES	T1071
SilverTerrier	USES	T1082
SilverTerrier	USES	T1022
SilverTerrier	USES	T1032
SilverTerrier	USES	T1056
SilverTerrier	USES	T1105
SilverTerrier	USES	T1113
SilverTerrier	USES	T1033
SilverTerrier	USES	T1027
SilverTerrier	USES	T1065
SilverTerrier	USES	T1036
SilverTerrier	USES	T1087
SilverTerrier	USES	T1124
SilverTerrier	USES	T1016
SilverTerrier	USES	T1076
SilverTerrier	USES	T1064
SilverTerrier	USES	T1115
SilverTerrier	USES	T1048
SilverTerrier	USES	T1125
SilverTerrier	USES	T1116
SilverTerrier	USES	T1045
SilverTerrier	USES	T1203
SilverTerrier	USES	T1123
Scarlet Mimic	USES	T1059
Scarlet Mimic	USES	T1001
Scarlet Mimic	USES	T1041
Scarlet Mimic	USES	T1083
Scarlet Mimic	USES	T1057
Scarlet Mimic	USES	T1071
Scarlet Mimic	USES	T1082
Scarlet Mimic	USES	T1005
Scarlet Mimic	USES	T1032
Scarlet Mimic	USES	T1056
Scarlet Mimic	USES	T1105
Scarlet Mimic	USES	T1065
Scarlet Mimic	USES	T1099
Scarlet Mimic	USES	T1217
Scarlet Mimic	USES	T1024
Sandworm Team	USES	T1083
Sandworm Team	USES	T1057
Sandworm Team	USES	T1060
Sandworm Team	USES	T1023
Sandworm Team	USES	T1071
Sandworm Team	USES	T1082
Sandworm Team	USES	T1008
Sandworm Team	USES	T1056
Sandworm Team	USES	T1113
Sandworm Team	USES	T1081
Sandworm Team	USES	T1077
Sandworm Team	USES	T1050
Sandworm Team	USES	T1055
Sandworm Team	USES	T1049
Sandworm Team	USES	T1016
Sandworm Team	USES	T1088
Sandworm Team	USES	T1046
Sandworm Team	USES	T1047
Sandworm Team	USES	T1070
Sandworm Team	USES	T1485
Sandworm Team	USES	T1120
Sandworm Team	USES	T1044
RTM	USES	T1059
RTM	USES	T1083
RTM	USES	T1112
RTM	USES	T1057
RTM	USES	T1060
RTM	USES	T1082
RTM	USES	T1094
RTM	USES	T1056
RTM	USES	T1105
RTM	USES	T1113
RTM	USES	T1033
RTM	USES	T1027
RTM	USES	T1107
RTM	USES	T1063
RTM	USES	T1124
RTM	USES	T1088
RTM	USES	T1115
RTM	USES	T1053
RTM	USES	T1070
RTM	USES	T1085
RTM	USES	T1024
RTM	USES	T1116
RTM	USES	T1120
RTM	USES	T1130
RTM	USES	T1119
Rancor	USES	T1059
Rancor	USES	T1083
Rancor	USES	T1112
Rancor	USES	T1057
Rancor	USES	T1012
Rancor	USES	T1060
Rancor	USES	T1082
Rancor	USES	T1094
Rancor	USES	T1105
Rancor	USES	T1016
Rancor	USES	T1088
Rancor	USES	T1085
Rancor	USES	T1024
Rancor	USES	T1140
Rancor	USES	T1130
Rancor	USES	T1214
Putter Panda	USES	T1059
Putter Panda	USES	T1083
Putter Panda	USES	T1057
Putter Panda	USES	T1071
Putter Panda	USES	T1082
Putter Panda	USES	T1032
Putter Panda	USES	T1081
Putter Panda	USES	T1107
Putter Panda	USES	T1099
Putter Panda	USES	T1024
Putter Panda	USES	T1108
PROMETHIUM	USES	T1060
PROMETHIUM	USES	T1036
PittyTiger	USES	T1059
PittyTiger	USES	T1112
PittyTiger	USES	T1057
PittyTiger	USES	T1060
PittyTiger	USES	T1005
PittyTiger	USES	T1074
PittyTiger	USES	T1032
PittyTiger	USES	T1043
PittyTiger	USES	T1003
PittyTiger	USES	T1056
PittyTiger	USES	T1105
PittyTiger	USES	T1113
PittyTiger	USES	T1098
PittyTiger	USES	T1081
PittyTiger	USES	T1207
PittyTiger	USES	T1075
PittyTiger	USES	T1097
PittyTiger	USES	T1145
PittyTiger	USES	T1101
PittyTiger	USES	T1178
PittyTiger	USES	T1010
PittyTiger	USES	T1031
PittyTiger	USES	T1050
PittyTiger	USES	T1027
PittyTiger	USES	T1055
PittyTiger	USES	T1014
PittyTiger	USES	T1065
PittyTiger	USES	T1107
PittyTiger	USES	T1002
PittyTiger	USES	T1073
PittyTiger	USES	T1070
PittyTiger	USES	T1085
PittyTiger	USES	T1024
Patchwork	USES	T1059
Patchwork	USES	T1090
Patchwork	USES	T1001
Patchwork	USES	T1089
Patchwork	USES	T1083
Patchwork	USES	T1112
Patchwork	USES	T1057
Patchwork	USES	T1012
Patchwork	USES	T1060
Patchwork	USES	T1071
Patchwork	USES	T1082
Patchwork	USES	T1091
Patchwork	USES	T1005
Patchwork	USES	T1025
Patchwork	USES	T1074
Patchwork	USES	T1032
Patchwork	USES	T1003
Patchwork	USES	T1056
Patchwork	USES	T1105
Patchwork	USES	T1113
Patchwork	USES	T1033
Patchwork	USES	T1081
Patchwork	USES	T1101
Patchwork	USES	T1031
Patchwork	USES	T1027
Patchwork	USES	T1055
Patchwork	USES	T1102
Patchwork	USES	T1036
Patchwork	USES	T1038
Patchwork	USES	T1087
Patchwork	USES	T1016
Patchwork	USES	T1134
Patchwork	USES	T1088
Patchwork	USES	T1106
Patchwork	USES	T1066
Patchwork	USES	T1086
Patchwork	USES	T1093
Patchwork	USES	T1076
Patchwork	USES	T1047
Patchwork	USES	T1482
Patchwork	USES	T1208
Patchwork	USES	T1034
Patchwork	USES	T1053
Patchwork	USES	T1125
Patchwork	USES	T1073
Patchwork	USES	T1132
Patchwork	USES	T1024
Patchwork	USES	T1116
Patchwork	USES	T1020
Patchwork	USES	T1039
Patchwork	USES	T1120
Patchwork	USES	T1119
Patchwork	USES	T1214
Patchwork	USES	T1123
OilRig	USES	T1059
OilRig	USES	T1001
OilRig	USES	T1041
OilRig	USES	T1083
OilRig	USES	T1112
OilRig	USES	T1057
OilRig	USES	T1012
OilRig	USES	T1060
OilRig	USES	T1023
OilRig	USES	T1071
OilRig	USES	T1082
OilRig	USES	T1022
OilRig	USES	T1074
OilRig	USES	T1008
OilRig	USES	T1032
OilRig	USES	T1043
OilRig	USES	T1003
OilRig	USES	T1056
OilRig	USES	T1105
OilRig	USES	T1113
OilRig	USES	T1033
OilRig	USES	T1098
OilRig	USES	T1081
OilRig	USES	T1207
OilRig	USES	T1075
OilRig	USES	T1097
OilRig	USES	T1145
OilRig	USES	T1101
OilRig	USES	T1178
OilRig	USES	T1035
OilRig	USES	T1077
OilRig	USES	T1027
OilRig	USES	T1107
OilRig	USES	T1036
OilRig	USES	T1063
OilRig	USES	T1007
OilRig	USES	T1087
OilRig	USES	T1136
OilRig	USES	T1126
OilRig	USES	T1135
OilRig	USES	T1201
OilRig	USES	T1069
OilRig	USES	T1018
OilRig	USES	T1049
OilRig	USES	T1124
OilRig	USES	T1016
OilRig	USES	T1086
OilRig	USES	T1093
OilRig	USES	T1064
OilRig	USES	T1099
OilRig	USES	T1047
OilRig	USES	T1115
OilRig	USES	T1002
OilRig	USES	T1048
OilRig	USES	T1053
OilRig	USES	T1132
OilRig	USES	T1116
OilRig	USES	T1045
OilRig	USES	T1497
OilRig	USES	T1030
OilRig	USES	T1483
OilRig	USES	T1140
OilRig	USES	T1130
OilRig	USES	T1119
OilRig	USES	T1100
OilRig	USES	T1214
Orangeworm	USES	T1059
Orangeworm	USES	T1083
Orangeworm	USES	T1057
Orangeworm	USES	T1082
Orangeworm	USES	T1008
Orangeworm	USES	T1105
Orangeworm	USES	T1033
Orangeworm	USES	T1035
Orangeworm	USES	T1077
Orangeworm	USES	T1050
Orangeworm	USES	T1027
Orangeworm	USES	T1107
Orangeworm	USES	T1036
Orangeworm	USES	T1007
Orangeworm	USES	T1087
Orangeworm	USES	T1136
Orangeworm	USES	T1126
Orangeworm	USES	T1135
Orangeworm	USES	T1201
Orangeworm	USES	T1069
Orangeworm	USES	T1018
Orangeworm	USES	T1049
Orangeworm	USES	T1124
Orangeworm	USES	T1016
Orangeworm	USES	T1085
Orangeworm	USES	T1140
Orangeworm	USES	T1009
Night Dragon	USES	T1059
Night Dragon	USES	T1083
Night Dragon	USES	T1112
Night Dragon	USES	T1082
Night Dragon	USES	T1003
Night Dragon	USES	T1033
Night Dragon	USES	T1035
Night Dragon	USES	T1077
Night Dragon	USES	T1050
Night Dragon	USES	T1107
Night Dragon	USES	T1016
Night Dragon	USES	T1076
Night Dragon	USES	T1053
Night Dragon	USES	T1100
NEODYMIUM	USES	T1082
NEODYMIUM	USES	T1035
NEODYMIUM	USES	T1050
NEODYMIUM	USES	T1055
NEODYMIUM	USES	T1107
NEODYMIUM	USES	T1063
NEODYMIUM	USES	T1068
NEODYMIUM	USES	T1073
NEODYMIUM	USES	T1177
Naikon	USES	T1090
Naikon	USES	T1089
Naikon	USES	T1083
Naikon	USES	T1057
Naikon	USES	T1060
Naikon	USES	T1023
Naikon	USES	T1071
Naikon	USES	T1082
Naikon	USES	T1008
Naikon	USES	T1043
Naikon	USES	T1056
Naikon	USES	T1105
Naikon	USES	T1033
Naikon	USES	T1035
Naikon	USES	T1077
Naikon	USES	T1055
Naikon	USES	T1036
Naikon	USES	T1063
Naikon	USES	T1007
Naikon	USES	T1087
Naikon	USES	T1136
Naikon	USES	T1126
Naikon	USES	T1135
Naikon	USES	T1201
Naikon	USES	T1069
Naikon	USES	T1018
Naikon	USES	T1049
Naikon	USES	T1124
Naikon	USES	T1016
Naikon	USES	T1134
Naikon	USES	T1046
Naikon	USES	T1048
Naikon	USES	T1024
Naikon	USES	T1128
MuddyWater	USES	T1090
MuddyWater	USES	T1089
MuddyWater	USES	T1082
MuddyWater	USES	T1005
MuddyWater	USES	T1032
MuddyWater	USES	T1043
MuddyWater	USES	T1003
MuddyWater	USES	T1105
MuddyWater	USES	T1113
MuddyWater	USES	T1098
MuddyWater	USES	T1081
MuddyWater	USES	T1207
MuddyWater	USES	T1075
MuddyWater	USES	T1097
MuddyWater	USES	T1145
MuddyWater	USES	T1101
MuddyWater	USES	T1178
MuddyWater	USES	T1027
MuddyWater	USES	T1065
MuddyWater	USES	T1107
MuddyWater	USES	T1036
MuddyWater	USES	T1063
MuddyWater	USES	T1087
MuddyWater	USES	T1016
MuddyWater	USES	T1175
MuddyWater	USES	T1086
MuddyWater	USES	T1029
MuddyWater	USES	T1064
MuddyWater	USES	T1047
MuddyWater	USES	T1053
MuddyWater	USES	T1132
MuddyWater	USES	T1140
MuddyWater	USES	T1170
MuddyWater	USES	T1173
Molerats	USES	T1059
Molerats	USES	T1083
Molerats	USES	T1112
Molerats	USES	T1057
Molerats	USES	T1060
Molerats	USES	T1071
Molerats	USES	T1082
Molerats	USES	T1091
Molerats	USES	T1005
Molerats	USES	T1074
Molerats	USES	T1008
Molerats	USES	T1032
Molerats	USES	T1056
Molerats	USES	T1105
Molerats	USES	T1010
Molerats	USES	T1031
Molerats	USES	T1050
Molerats	USES	T1027
Molerats	USES	T1055
Molerats	USES	T1014
Molerats	USES	T1065
Molerats	USES	T1063
Molerats	USES	T1047
Moafee	USES	T1059
Moafee	USES	T1112
Moafee	USES	T1060
Moafee	USES	T1005
Moafee	USES	T1074
Moafee	USES	T1032
Moafee	USES	T1056
Moafee	USES	T1105
Moafee	USES	T1010
Moafee	USES	T1031
Moafee	USES	T1050
Moafee	USES	T1027
Moafee	USES	T1055
Moafee	USES	T1014
Moafee	USES	T1065
menuPass	USES	T1059
menuPass	USES	T1090
menuPass	USES	T1089
menuPass	USES	T1083
menuPass	USES	T1112
menuPass	USES	T1057
menuPass	USES	T1012
menuPass	USES	T1060
menuPass	USES	T1023
menuPass	USES	T1071
menuPass	USES	T1082
menuPass	USES	T1005
menuPass	USES	T1074
menuPass	USES	T1094
menuPass	USES	T1032
menuPass	USES	T1095
menuPass	USES	T1043
menuPass	USES	T1003
menuPass	USES	T1056
menuPass	USES	T1105
menuPass	USES	T1113
menuPass	USES	T1033
menuPass	USES	T1098
menuPass	USES	T1081
menuPass	USES	T1207
menuPass	USES	T1075
menuPass	USES	T1097
menuPass	USES	T1145
menuPass	USES	T1101
menuPass	USES	T1178
menuPass	USES	T1035
menuPass	USES	T1077
menuPass	USES	T1010
menuPass	USES	T1031
menuPass	USES	T1050
menuPass	USES	T1027
menuPass	USES	T1055
menuPass	USES	T1014
menuPass	USES	T1065
menuPass	USES	T1102
menuPass	USES	T1107
menuPass	USES	T1036
menuPass	USES	T1007
menuPass	USES	T1038
menuPass	USES	T1087
menuPass	USES	T1136
menuPass	USES	T1126
menuPass	USES	T1135
menuPass	USES	T1201
menuPass	USES	T1069
menuPass	USES	T1018
menuPass	USES	T1049
menuPass	USES	T1124
menuPass	USES	T1016
menuPass	USES	T1134
menuPass	USES	T1106
menuPass	USES	T1066
menuPass	USES	T1026
menuPass	USES	T1086
menuPass	USES	T1076
menuPass	USES	T1047
menuPass	USES	T1482
menuPass	USES	T1208
menuPass	USES	T1171
menuPass	USES	T1040
menuPass	USES	T1034
menuPass	USES	T1053
menuPass	USES	T1127
menuPass	USES	T1125
menuPass	USES	T1073
menuPass	USES	T1024
menuPass	USES	T1116
menuPass	USES	T1497
menuPass	USES	T1140
menuPass	USES	T1130
menuPass	USES	T1214
menuPass	USES	T1123
Magic Hound	USES	T1041
Magic Hound	USES	T1083
Magic Hound	USES	T1057
Magic Hound	USES	T1060
Magic Hound	USES	T1071
Magic Hound	USES	T1082
Magic Hound	USES	T1032
Magic Hound	USES	T1003
Magic Hound	USES	T1056
Magic Hound	USES	T1105
Magic Hound	USES	T1113
Magic Hound	USES	T1033
Magic Hound	USES	T1098
Magic Hound	USES	T1081
Magic Hound	USES	T1207
Magic Hound	USES	T1075
Magic Hound	USES	T1097
Magic Hound	USES	T1145
Magic Hound	USES	T1101
Magic Hound	USES	T1178
Magic Hound	USES	T1035
Magic Hound	USES	T1077
Magic Hound	USES	T1055
Magic Hound	USES	T1087
Magic Hound	USES	T1136
Magic Hound	USES	T1135
Magic Hound	USES	T1049
Magic Hound	USES	T1016
Magic Hound	USES	T1134
Magic Hound	USES	T1088
Magic Hound	USES	T1046
Magic Hound	USES	T1086
Magic Hound	USES	T1076
Magic Hound	USES	T1064
Magic Hound	USES	T1002
Magic Hound	USES	T1114
Magic Hound	USES	T1171
Magic Hound	USES	T1125
Magic Hound	USES	T1070
Magic Hound	USES	T1497
Magic Hound	USES	T1079
Magic Hound	USES	T1123
Magic Hound	USES	T1501
Magic Hound	USES	T1190
Lotus Blossom	USES	T1059
Lotus Blossom	USES	T1083
Lotus Blossom	USES	T1057
Lotus Blossom	USES	T1060
Lotus Blossom	USES	T1071
Lotus Blossom	USES	T1082
Lotus Blossom	USES	T1074
Lotus Blossom	USES	T1032
Lotus Blossom	USES	T1105
Lotus Blossom	USES	T1050
Lotus Blossom	USES	T1027
Lotus Blossom	USES	T1055
Lotus Blossom	USES	T1107
Lotus Blossom	USES	T1036
Lotus Blossom	USES	T1007
Lotus Blossom	USES	T1087
Lotus Blossom	USES	T1069
Lotus Blossom	USES	T1016
Lotus Blossom	USES	T1099
Lotus Blossom	USES	T1132
Lotus Blossom	USES	T1085
Lotus Blossom	USES	T1024
Lotus Blossom	USES	T1009
Leviathan	USES	T1059
Leviathan	USES	T1090
Leviathan	USES	T1089
Leviathan	USES	T1083
Leviathan	USES	T1104
Leviathan	USES	T1057
Leviathan	USES	T1012
Leviathan	USES	T1060
Leviathan	USES	T1071
Leviathan	USES	T1082
Leviathan	USES	T1005
Leviathan	USES	T1094
Leviathan	USES	T1008
Leviathan	USES	T1095
Leviathan	USES	T1043
Leviathan	USES	T1003
Leviathan	USES	T1056
Leviathan	USES	T1105
Leviathan	USES	T1113
Leviathan	USES	T1033
Leviathan	USES	T1075
Leviathan	USES	T1035
Leviathan	USES	T1077
Leviathan	USES	T1050
Leviathan	USES	T1027
Leviathan	USES	T1055
Leviathan	USES	T1102
Leviathan	USES	T1107
Leviathan	USES	T1007
Leviathan	USES	T1087
Leviathan	USES	T1136
Leviathan	USES	T1126
Leviathan	USES	T1135
Leviathan	USES	T1201
Leviathan	USES	T1069
Leviathan	USES	T1018
Leviathan	USES	T1049
Leviathan	USES	T1124
Leviathan	USES	T1016
Leviathan	USES	T1134
Leviathan	USES	T1197
Leviathan	USES	T1088
Leviathan	USES	T1175
Leviathan	USES	T1106
Leviathan	USES	T1068
Leviathan	USES	T1066
Leviathan	USES	T1185
Leviathan	USES	T1026
Leviathan	USES	T1046
Leviathan	USES	T1086
Leviathan	USES	T1093
Leviathan	USES	T1076
Leviathan	USES	T1021
Leviathan	USES	T1029
Leviathan	USES	T1064
Leviathan	USES	T1099
Leviathan	USES	T1078
Leviathan	USES	T1047
Leviathan	USES	T1028
Leviathan	USES	T1048
Leviathan	USES	T1053
Leviathan	USES	T1125
Leviathan	USES	T1070
Leviathan	USES	T1024
Leviathan	USES	T1045
Leviathan	USES	T1170
Leviathan	USES	T1117
Leviathan	USES	T1110
Leviathan	USES	T1100
Leviathan	USES	T1123
Leafminer	USES	T1003
Leafminer	USES	T1098
Leafminer	USES	T1081
Leafminer	USES	T1207
Leafminer	USES	T1075
Leafminer	USES	T1097
Leafminer	USES	T1145
Leafminer	USES	T1101
Leafminer	USES	T1178
Leafminer	USES	T1035
Leafminer	USES	T1077
Lazarus Group	USES	T1059
Lazarus Group	USES	T1090
Lazarus Group	USES	T1001
Lazarus Group	USES	T1089
Lazarus Group	USES	T1041
Lazarus Group	USES	T1083
Lazarus Group	USES	T1112
Lazarus Group	USES	T1057
Lazarus Group	USES	T1012
Lazarus Group	USES	T1071
Lazarus Group	USES	T1082
Lazarus Group	USES	T1005
Lazarus Group	USES	T1094
Lazarus Group	USES	T1008
Lazarus Group	USES	T1032
Lazarus Group	USES	T1043
Lazarus Group	USES	T1003
Lazarus Group	USES	T1105
Lazarus Group	USES	T1113
Lazarus Group	USES	T1033
Lazarus Group	USES	T1098
Lazarus Group	USES	T1081
Lazarus Group	USES	T1207
Lazarus Group	USES	T1075
Lazarus Group	USES	T1097
Lazarus Group	USES	T1145
Lazarus Group	USES	T1101
Lazarus Group	USES	T1178
Lazarus Group	USES	T1035
Lazarus Group	USES	T1031
Lazarus Group	USES	T1050
Lazarus Group	USES	T1027
Lazarus Group	USES	T1055
Lazarus Group	USES	T1065
Lazarus Group	USES	T1107
Lazarus Group	USES	T1036
Lazarus Group	USES	T1063
Lazarus Group	USES	T1007
Lazarus Group	USES	T1087
Lazarus Group	USES	T1018
Lazarus Group	USES	T1049
Lazarus Group	USES	T1124
Lazarus Group	USES	T1016
Lazarus Group	USES	T1134
Lazarus Group	USES	T1106
Lazarus Group	USES	T1086
Lazarus Group	USES	T1076
Lazarus Group	USES	T1064
Lazarus Group	USES	T1099
Lazarus Group	USES	T1047
Lazarus Group	USES	T1210
Lazarus Group	USES	T1132
Lazarus Group	USES	T1070
Lazarus Group	USES	T1024
Lazarus Group	USES	T1485
Lazarus Group	USES	T1188
Lazarus Group	USES	T1079
Lazarus Group	USES	T1140
Lazarus Group	USES	T1120
Lazarus Group	USES	T1158
Lazarus Group	USES	T1203
Lazarus Group	USES	T1119
Lazarus Group	USES	T1128
Lazarus Group	USES	T1486
Lazarus Group	USES	T1222
Lazarus Group	USES	T1490
Lazarus Group	USES	T1489
Lazarus Group	USES	T1204
Lazarus Group	USES	T1488
Lazarus Group	USES	T1487
Ke3chang	USES	T1059
Ke3chang	USES	T1057
Ke3chang	USES	T1082
Ke3chang	USES	T1043
Ke3chang	USES	T1003
Ke3chang	USES	T1033
Ke3chang	USES	T1098
Ke3chang	USES	T1081
Ke3chang	USES	T1207
Ke3chang	USES	T1075
Ke3chang	USES	T1097
Ke3chang	USES	T1145
Ke3chang	USES	T1101
Ke3chang	USES	T1178
Ke3chang	USES	T1035
Ke3chang	USES	T1077
Ke3chang	USES	T1063
Ke3chang	USES	T1007
Ke3chang	USES	T1038
Ke3chang	USES	T1087
Ke3chang	USES	T1136
Ke3chang	USES	T1126
Ke3chang	USES	T1135
Ke3chang	USES	T1201
Ke3chang	USES	T1069
Ke3chang	USES	T1018
Ke3chang	USES	T1049
Ke3chang	USES	T1124
Ke3chang	USES	T1016
Ke3chang	USES	T1140
Ke3chang	USES	T1213
Honeybee	USES	T1059
Honeybee	USES	T1083
Honeybee	USES	T1112
Honeybee	USES	T1057
Honeybee	USES	T1012
Honeybee	USES	T1082
Honeybee	USES	T1105
Honeybee	USES	T1107
Honeybee	USES	T1063
Honeybee	USES	T1007
Honeybee	USES	T1214
Gorgon Group	USES	T1059
Gorgon Group	USES	T1090
Gorgon Group	USES	T1089
Gorgon Group	USES	T1083
Gorgon Group	USES	T1112
Gorgon Group	USES	T1060
Gorgon Group	USES	T1082
Gorgon Group	USES	T1032
Gorgon Group	USES	T1003
Gorgon Group	USES	T1056
Gorgon Group	USES	T1105
Gorgon Group	USES	T1113
Gorgon Group	USES	T1081
Gorgon Group	USES	T1027
Gorgon Group	USES	T1055
Gorgon Group	USES	T1065
Gorgon Group	USES	T1036
Gorgon Group	USES	T1016
Gorgon Group	USES	T1088
Gorgon Group	USES	T1076
Gorgon Group	USES	T1064
Gorgon Group	USES	T1115
Gorgon Group	USES	T1053
Gorgon Group	USES	T1125
Gorgon Group	USES	T1116
Gorgon Group	USES	T1497
Gorgon Group	USES	T1123
Gamaredon Group	USES	T1059
Gamaredon Group	USES	T1041
Gamaredon Group	USES	T1083
Gamaredon Group	USES	T1060
Gamaredon Group	USES	T1071
Gamaredon Group	USES	T1074
Gamaredon Group	USES	T1105
Gamaredon Group	USES	T1113
Gamaredon Group	USES	T1107
Gamaredon Group	USES	T1053
Gamaredon Group	USES	T1085
FIN8	USES	T1060
FIN8	USES	T1071
FIN8	USES	T1005
FIN8	USES	T1074
FIN8	USES	T1105
FIN8	USES	T1035
FIN8	USES	T1077
FIN8	USES	T1027
FIN8	USES	T1107
FIN8	USES	T1036
FIN8	USES	T1007
FIN8	USES	T1087
FIN8	USES	T1136
FIN8	USES	T1126
FIN8	USES	T1135
FIN8	USES	T1201
FIN8	USES	T1069
FIN8	USES	T1018
FIN8	USES	T1049
FIN8	USES	T1124
FIN8	USES	T1482
FIN8	USES	T1085
FIN8	USES	T1182
FIN8	USES	T1129
FIN7	USES	T1059
FIN7	USES	T1057
FIN7	USES	T1012
FIN7	USES	T1060
FIN7	USES	T1071
FIN7	USES	T1082
FIN7	USES	T1094
FIN7	USES	T1032
FIN7	USES	T1043
FIN7	USES	T1003
FIN7	USES	T1056
FIN7	USES	T1105
FIN7	USES	T1113
FIN7	USES	T1027
FIN7	USES	T1055
FIN7	USES	T1107
FIN7	USES	T1136
FIN7	USES	T1086
FIN7	USES	T1076
FIN7	USES	T1047
FIN7	USES	T1114
FIN7	USES	T1024
FIN7	USES	T1030
FIN7	USES	T1096
FIN7	USES	T1219
FIN10	USES	T1059
FIN10	USES	T1041
FIN10	USES	T1083
FIN10	USES	T1057
FIN10	USES	T1060
FIN10	USES	T1023
FIN10	USES	T1071
FIN10	USES	T1082
FIN10	USES	T1032
FIN10	USES	T1043
FIN10	USES	T1003
FIN10	USES	T1056
FIN10	USES	T1105
FIN10	USES	T1113
FIN10	USES	T1081
FIN10	USES	T1075
FIN10	USES	T1097
FIN10	USES	T1145
FIN10	USES	T1101
FIN10	USES	T1178
FIN10	USES	T1035
FIN10	USES	T1031
FIN10	USES	T1027
FIN10	USES	T1055
FIN10	USES	T1102
FIN10	USES	T1063
FIN10	USES	T1038
FIN10	USES	T1087
FIN10	USES	T1136
FIN10	USES	T1135
FIN10	USES	T1049
FIN10	USES	T1016
FIN10	USES	T1134
FIN10	USES	T1088
FIN10	USES	T1175
FIN10	USES	T1106
FIN10	USES	T1068
FIN10	USES	T1046
FIN10	USES	T1086
FIN10	USES	T1021
FIN10	USES	T1064
FIN10	USES	T1099
FIN10	USES	T1047
FIN10	USES	T1015
FIN10	USES	T1217
FIN10	USES	T1115
FIN10	USES	T1002
FIN10	USES	T1482
FIN10	USES	T1114
FIN10	USES	T1048
FIN10	USES	T1210
FIN10	USES	T1484
FIN10	USES	T1179
FIN10	USES	T1208
FIN10	USES	T1171
FIN10	USES	T1040
FIN10	USES	T1034
FIN10	USES	T1053
FIN10	USES	T1127
FIN10	USES	T1125
FIN6	USES	T1059
FIN6	USES	T1090
FIN6	USES	T1057
FIN6	USES	T1071
FIN6	USES	T1005
FIN6	USES	T1094
FIN6	USES	T1043
FIN6	USES	T1003
FIN6	USES	T1056
FIN6	USES	T1105
FIN6	USES	T1113
FIN6	USES	T1075
FIN6	USES	T1035
FIN6	USES	T1077
FIN6	USES	T1050
FIN6	USES	T1055
FIN6	USES	T1107
FIN6	USES	T1135
FIN6	USES	T1018
FIN6	USES	T1134
FIN6	USES	T1197
FIN6	USES	T1088
FIN6	USES	T1175
FIN6	USES	T1106
FIN6	USES	T1068
FIN6	USES	T1066
FIN6	USES	T1185
FIN6	USES	T1026
FIN6	USES	T1046
FIN6	USES	T1086
FIN6	USES	T1093
FIN6	USES	T1076
FIN6	USES	T1021
FIN6	USES	T1029
FIN6	USES	T1064
FIN6	USES	T1099
FIN6	USES	T1078
FIN6	USES	T1047
FIN6	USES	T1028
FIN6	USES	T1486
FIN5	USES	T1090
FIN5	USES	T1071
FIN5	USES	T1022
FIN5	USES	T1005
FIN5	USES	T1074
FIN5	USES	T1003
FIN5	USES	T1035
FIN5	USES	T1077
FIN5	USES	T1050
FIN5	USES	T1107
FIN5	USES	T1036
FIN5	USES	T1116
FIN5	USES	T1485
Elderwood	USES	T1059
Elderwood	USES	T1090
Elderwood	USES	T1083
Elderwood	USES	T1112
Elderwood	USES	T1057
Elderwood	USES	T1012
Elderwood	USES	T1060
Elderwood	USES	T1071
Elderwood	USES	T1082
Elderwood	USES	T1005
Elderwood	USES	T1074
Elderwood	USES	T1094
Elderwood	USES	T1008
Elderwood	USES	T1032
Elderwood	USES	T1043
Elderwood	USES	T1056
Elderwood	USES	T1105
Elderwood	USES	T1113
Elderwood	USES	T1035
Elderwood	USES	T1010
Elderwood	USES	T1031
Elderwood	USES	T1050
Elderwood	USES	T1027
Elderwood	USES	T1055
Elderwood	USES	T1014
Elderwood	USES	T1065
Elderwood	USES	T1107
Elderwood	USES	T1007
Elderwood	USES	T1016
Elderwood	USES	T1134
Elderwood	USES	T1029
Elderwood	USES	T1048
Elderwood	USES	T1070
Elderwood	USES	T1085
Elderwood	USES	T1024
Elderwood	USES	T1116
Elderwood	USES	T1177
Elderwood	USES	T1129
Dust Storm	USES	T1059
Dust Storm	USES	T1083
Dust Storm	USES	T1060
Dust Storm	USES	T1023
Dust Storm	USES	T1071
Dust Storm	USES	T1082
Dust Storm	USES	T1094
Dust Storm	USES	T1008
Dust Storm	USES	T1095
Dust Storm	USES	T1043
Dust Storm	USES	T1105
Dust Storm	USES	T1113
Dust Storm	USES	T1033
Dust Storm	USES	T1050
Dust Storm	USES	T1107
Dust Storm	USES	T1036
Dust Storm	USES	T1007
Dust Storm	USES	T1087
Dust Storm	USES	T1136
Dust Storm	USES	T1016
Dust Storm	USES	T1099
Dust Storm	USES	T1002
Dust Storm	USES	T1132
Dust Storm	USES	T1070
DragonOK	USES	T1059
DragonOK	USES	T1083
DragonOK	USES	T1112
DragonOK	USES	T1057
DragonOK	USES	T1012
DragonOK	USES	T1060
DragonOK	USES	T1071
DragonOK	USES	T1005
DragonOK	USES	T1074
DragonOK	USES	T1094
DragonOK	USES	T1032
DragonOK	USES	T1095
DragonOK	USES	T1043
DragonOK	USES	T1056
DragonOK	USES	T1105
DragonOK	USES	T1113
DragonOK	USES	T1010
DragonOK	USES	T1031
DragonOK	USES	T1050
DragonOK	USES	T1027
DragonOK	USES	T1055
DragonOK	USES	T1014
DragonOK	USES	T1065
DragonOK	USES	T1102
DragonOK	USES	T1036
DragonOK	USES	T1135
DragonOK	USES	T1049
DragonOK	USES	T1106
DragonOK	USES	T1026
DragonOK	USES	T1127
DragonOK	USES	T1073
DragonOK	USES	T1497
DragonOK	USES	T1140
Dragonfly 2.0	USES	T1090
Dragonfly 2.0	USES	T1089
Dragonfly 2.0	USES	T1112
Dragonfly 2.0	USES	T1012
Dragonfly 2.0	USES	T1003
Dragonfly 2.0	USES	T1035
Dragonfly 2.0	USES	T1077
Dragonfly 2.0	USES	T1063
Dragonfly 2.0	USES	T1007
Dragonfly 2.0	USES	T1087
Dragonfly 2.0	USES	T1136
Dragonfly 2.0	USES	T1126
Dragonfly 2.0	USES	T1135
Dragonfly 2.0	USES	T1201
Dragonfly 2.0	USES	T1069
Dragonfly 2.0	USES	T1018
Dragonfly 2.0	USES	T1049
Dragonfly 2.0	USES	T1124
Dragonfly 2.0	USES	T1047
Dragonfly 2.0	USES	T1208
Dragonfly 2.0	USES	T1171
Dragonfly 2.0	USES	T1040
Dragonfly 2.0	USES	T1214
Dragonfly 2.0	USES	T1128
Dragonfly	USES	T1001
Dragonfly	USES	T1083
Dragonfly	USES	T1057
Dragonfly	USES	T1060
Dragonfly	USES	T1082
Dragonfly	USES	T1022
Dragonfly	USES	T1074
Dragonfly	USES	T1003
Dragonfly	USES	T1105
Dragonfly	USES	T1113
Dragonfly	USES	T1033
Dragonfly	USES	T1055
Dragonfly	USES	T1107
Dragonfly	USES	T1016
Dragonfly	USES	T1114
Dragonfly	USES	T1045
Deep Panda	USES	T1059
Deep Panda	USES	T1083
Deep Panda	USES	T1112
Deep Panda	USES	T1057
Deep Panda	USES	T1012
Deep Panda	USES	T1060
Deep Panda	USES	T1071
Deep Panda	USES	T1082
Deep Panda	USES	T1094
Deep Panda	USES	T1008
Deep Panda	USES	T1095
Deep Panda	USES	T1043
Deep Panda	USES	T1003
Deep Panda	USES	T1056
Deep Panda	USES	T1105
Deep Panda	USES	T1113
Deep Panda	USES	T1033
Deep Panda	USES	T1035
Deep Panda	USES	T1077
Deep Panda	USES	T1050
Deep Panda	USES	T1027
Deep Panda	USES	T1055
Deep Panda	USES	T1107
Deep Panda	USES	T1063
Deep Panda	USES	T1007
Deep Panda	USES	T1087
Deep Panda	USES	T1136
Deep Panda	USES	T1126
Deep Panda	USES	T1135
Deep Panda	USES	T1201
Deep Panda	USES	T1069
Deep Panda	USES	T1018
Deep Panda	USES	T1049
Deep Panda	USES	T1124
Deep Panda	USES	T1088
Deep Panda	USES	T1099
Deep Panda	USES	T1125
Deep Panda	USES	T1073
Deep Panda	USES	T1085
Deep Panda	USES	T1024
Deep Panda	USES	T1117
Deep Panda	USES	T1123
Dark Caracal	USES	T1059
Dark Caracal	USES	T1083
Dark Caracal	USES	T1057
Dark Caracal	USES	T1012
Dark Caracal	USES	T1060
Dark Caracal	USES	T1082
Dark Caracal	USES	T1056
Dark Caracal	USES	T1113
Dark Caracal	USES	T1050
Dark Caracal	USES	T1027
Dark Caracal	USES	T1055
Dark Caracal	USES	T1036
Dark Caracal	USES	T1063
Dark Caracal	USES	T1038
Dark Caracal	USES	T1134
Dark Caracal	USES	T1088
Dark Caracal	USES	T1093
Dark Caracal	USES	T1179
Dark Caracal	USES	T1125
Dark Caracal	USES	T1073
Dark Caracal	USES	T1070
Dark Caracal	USES	T1045
Dark Caracal	USES	T1497
Dark Caracal	USES	T1140
Dark Caracal	USES	T1159
Dark Caracal	USES	T1009
Dark Caracal	USES	T1123
Dark Caracal	USES	T1067
DarkHydrus	USES	T1059
DarkHydrus	USES	T1090
DarkHydrus	USES	T1001
DarkHydrus	USES	T1057
DarkHydrus	USES	T1060
DarkHydrus	USES	T1023
DarkHydrus	USES	T1071
DarkHydrus	USES	T1082
DarkHydrus	USES	T1005
DarkHydrus	USES	T1094
DarkHydrus	USES	T1043
DarkHydrus	USES	T1003
DarkHydrus	USES	T1056
DarkHydrus	USES	T1105
DarkHydrus	USES	T1113
DarkHydrus	USES	T1033
DarkHydrus	USES	T1098
DarkHydrus	USES	T1081
DarkHydrus	USES	T1207
DarkHydrus	USES	T1075
DarkHydrus	USES	T1097
DarkHydrus	USES	T1145
DarkHydrus	USES	T1101
DarkHydrus	USES	T1178
DarkHydrus	USES	T1035
DarkHydrus	USES	T1077
DarkHydrus	USES	T1050
DarkHydrus	USES	T1027
DarkHydrus	USES	T1055
DarkHydrus	USES	T1102
DarkHydrus	USES	T1063
DarkHydrus	USES	T1135
DarkHydrus	USES	T1018
DarkHydrus	USES	T1016
DarkHydrus	USES	T1134
DarkHydrus	USES	T1197
DarkHydrus	USES	T1088
DarkHydrus	USES	T1175
DarkHydrus	USES	T1106
DarkHydrus	USES	T1068
DarkHydrus	USES	T1066
DarkHydrus	USES	T1185
DarkHydrus	USES	T1026
DarkHydrus	USES	T1046
DarkHydrus	USES	T1086
DarkHydrus	USES	T1093
DarkHydrus	USES	T1076
DarkHydrus	USES	T1021
DarkHydrus	USES	T1029
DarkHydrus	USES	T1064
DarkHydrus	USES	T1099
DarkHydrus	USES	T1078
DarkHydrus	USES	T1047
DarkHydrus	USES	T1028
DarkHydrus	USES	T1497
DarkHydrus	USES	T1140
DarkHydrus	USES	T1117
DarkHydrus	USES	T122
Cobalt Group	USES	T1059
Cobalt Group	USES	T1090
Cobalt Group	USES	T1057
Cobalt Group	USES	T1071
Cobalt Group	USES	T1082
Cobalt Group	USES	T1005
Cobalt Group	USES	T1094
Cobalt Group	USES	T1043
Cobalt Group	USES	T1003
Cobalt Group	USES	T1056
Cobalt Group	USES	T1105
Cobalt Group	USES	T1113
Cobalt Group	USES	T1033
Cobalt Group	USES	T1098
Cobalt Group	USES	T1081
Cobalt Group	USES	T1207
Cobalt Group	USES	T1075
Cobalt Group	USES	T1097
Cobalt Group	USES	T1145
Cobalt Group	USES	T1101
Cobalt Group	USES	T1178
Cobalt Group	USES	T1035
Cobalt Group	USES	T1077
Cobalt Group	USES	T1050
Cobalt Group	USES	T1055
Cobalt Group	USES	T1107
Cobalt Group	USES	T1063
Cobalt Group	USES	T1135
Cobalt Group	USES	T1018
Cobalt Group	USES	T1016
Cobalt Group	USES	T1134
Cobalt Group	USES	T1197
Cobalt Group	USES	T1088
Cobalt Group	USES	T1175
Cobalt Group	USES	T1106
Cobalt Group	USES	T1068
Cobalt Group	USES	T1066
Cobalt Group	USES	T1185
Cobalt Group	USES	T1026
Cobalt Group	USES	T1046
Cobalt Group	USES	T1086
Cobalt Group	USES	T1093
Cobalt Group	USES	T1076
Cobalt Group	USES	T1021
Cobalt Group	USES	T1029
Cobalt Group	USES	T1064
Cobalt Group	USES	T1099
Cobalt Group	USES	T1078
Cobalt Group	USES	T1047
Cobalt Group	USES	T1028
Cobalt Group	USES	T1116
Cobalt Group	USES	T1485
Cleaver	USES	T1059
Cleaver	USES	T1089
Cleaver	USES	T1060
Cleaver	USES	T1023
Cleaver	USES	T1003
Cleaver	USES	T1056
Cleaver	USES	T1113
Cleaver	USES	T1098
Cleaver	USES	T1081
Cleaver	USES	T1207
Cleaver	USES	T1075
Cleaver	USES	T1097
Cleaver	USES	T1145
Cleaver	USES	T1101
Cleaver	USES	T1178
Cleaver	USES	T1035
Cleaver	USES	T1077
Cleaver	USES	T1050
Cleaver	USES	T1115
Cleaver	USES	T1110
Charming Kitten	USES	T1059
Charming Kitten	USES	T1012
Charming Kitten	USES	T1060
Charming Kitten	USES	T1071
Charming Kitten	USES	T1082
Charming Kitten	USES	T1033
Charming Kitten	USES	T1086
Carbanak	USES	T1059
Carbanak	USES	T1090
Carbanak	USES	T1089
Carbanak	USES	T1057
Carbanak	USES	T1012
Carbanak	USES	T1060
Carbanak	USES	T1071
Carbanak	USES	T1094
Carbanak	USES	T1032
Carbanak	USES	T1043
Carbanak	USES	T1003
Carbanak	USES	T1056
Carbanak	USES	T1113
Carbanak	USES	T1098
Carbanak	USES	T1081
Carbanak	USES	T1207
Carbanak	USES	T1075
Carbanak	USES	T1097
Carbanak	USES	T1145
Carbanak	USES	T1101
Carbanak	USES	T1178
Carbanak	USES	T1035
Carbanak	USES	T1077
Carbanak	USES	T1027
Carbanak	USES	T1055
Carbanak	USES	T1107
Carbanak	USES	T1063
Carbanak	USES	T1136
Carbanak	USES	T1076
Carbanak	USES	T1114
Carbanak	USES	T1024
Carbanak	USES	T1030
Carbanak	USES	T1128
Carbanak	USES	T1219
BRONZE BUTLER	USES	T1059
BRONZE BUTLER	USES	T1001
BRONZE BUTLER	USES	T1083
BRONZE BUTLER	USES	T1071
BRONZE BUTLER	USES	T1082
BRONZE BUTLER	USES	T1022
BRONZE BUTLER	USES	T1032
BRONZE BUTLER	USES	T1003
BRONZE BUTLER	USES	T1056
BRONZE BUTLER	USES	T1105
BRONZE BUTLER	USES	T1113
BRONZE BUTLER	USES	T1098
BRONZE BUTLER	USES	T1081
BRONZE BUTLER	USES	T1207
BRONZE BUTLER	USES	T1075
BRONZE BUTLER	USES	T1097
BRONZE BUTLER	USES	T1145
BRONZE BUTLER	USES	T1101
BRONZE BUTLER	USES	T1178
BRONZE BUTLER	USES	T1035
BRONZE BUTLER	USES	T1077
BRONZE BUTLER	USES	T1027
BRONZE BUTLER	USES	T1107
BRONZE BUTLER	USES	T1036
BRONZE BUTLER	USES	T1007
BRONZE BUTLER	USES	T1087
BRONZE BUTLER	USES	T1136
BRONZE BUTLER	USES	T1126
BRONZE BUTLER	USES	T1135
BRONZE BUTLER	USES	T1201
BRONZE BUTLER	USES	T1069
BRONZE BUTLER	USES	T1018
BRONZE BUTLER	USES	T1049
BRONZE BUTLER	USES	T1124
BRONZE BUTLER	USES	T1066
BRONZE BUTLER	USES	T1002
BRONZE BUTLER	USES	T1053
BRONZE BUTLER	USES	T1132
BRONZE BUTLER	USES	T1116
BRONZE BUTLER	USES	T1045
Axiom	USES	T1059
Axiom	USES	T1090
Axiom	USES	T1083
Axiom	USES	T1112
Axiom	USES	T1057
Axiom	USES	T1012
Axiom	USES	T1082
Axiom	USES	T1005
Axiom	USES	T1094
Axiom	USES	T1008
Axiom	USES	T1095
Axiom	USES	T1043
Axiom	USES	T1056
Axiom	USES	T1105
Axiom	USES	T1113
Axiom	USES	T1033
Axiom	USES	T1035
Axiom	USES	T1050
Axiom	USES	T1027
Axiom	USES	T1055
Axiom	USES	T1107
Axiom	USES	T1007
Axiom	USES	T1016
Axiom	USES	T1134
Axiom	USES	T1099
Axiom	USES	T1048
Axiom	USES	T1125
Axiom	USES	T1070
Axiom	USES	T1024
Axiom	USES	T1117
Axiom	USES	T1123
Axiom	USES	T1129
APT39	USES	T1059
APT39	USES	T1041
APT39	USES	T1083
APT39	USES	T1060
APT39	USES	T1071
APT39	USES	T1022
APT39	USES	T1003
APT39	USES	T1056
APT39	USES	T1113
APT39	USES	T1098
APT39	USES	T1081
APT39	USES	T1207
APT39	USES	T1075
APT39	USES	T1097
APT39	USES	T1145
APT39	USES	T1101
APT39	USES	T1178
APT39	USES	T1035
APT39	USES	T1077
APT39	USES	T1010
APT39	USES	T1027
APT39	USES	T1064
APT39	USES	T1047
APT39	USES	T1115
APT39	USES	T1053
APT39	USES	T1140
APT39	USES	T1004
APT39	USES	T1100
APT38	USES	T1059
APT38	USES	T1089
APT38	USES	T1112
APT38	USES	T1057
APT38	USES	T1060
APT38	USES	T1071
APT38	USES	T1082
APT38	USES	T1003
APT38	USES	T1056
APT38	USES	T1105
APT38	USES	T1033
APT38	USES	T1098
APT38	USES	T1081
APT38	USES	T1207
APT38	USES	T1075
APT38	USES	T1097
APT38	USES	T1145
APT38	USES	T1101
APT38	USES	T1178
APT38	USES	T1035
APT38	USES	T1077
APT38	USES	T1036
APT38	USES	T1007
APT38	USES	T1087
APT38	USES	T1136
APT38	USES	T1126
APT38	USES	T1135
APT38	USES	T1201
APT38	USES	T1069
APT38	USES	T1018
APT38	USES	T1049
APT38	USES	T1124
APT38	USES	T1076
APT38	USES	T1064
APT38	USES	T1115
APT38	USES	T1125
APT38	USES	T1045
APT38	USES	T1123
APT33	USES	T1059
APT33	USES	T1090
APT33	USES	T1089
APT33	USES	T1041
APT33	USES	T1083
APT33	USES	T1112
APT33	USES	T1057
APT33	USES	T1012
APT33	USES	T1060
APT33	USES	T1023
APT33	USES	T1071
APT33	USES	T1082
APT33	USES	T1005
APT33	USES	T1032
APT33	USES	T1043
APT33	USES	T1003
APT33	USES	T1056
APT33	USES	T1105
APT33	USES	T1113
APT33	USES	T1033
APT33	USES	T1098
APT33	USES	T1081
APT33	USES	T1207
APT33	USES	T1075
APT33	USES	T1097
APT33	USES	T1145
APT33	USES	T1101
APT33	USES	T1178
APT33	USES	T1035
APT33	USES	T1077
APT33	USES	T1031
APT33	USES	T1050
APT33	USES	T1027
APT33	USES	T1055
APT33	USES	T1065
APT33	USES	T1102
APT33	USES	T1036
APT33	USES	T1063
APT33	USES	T1007
APT33	USES	T1038
APT33	USES	T1087
APT33	USES	T1136
APT33	USES	T1126
APT33	USES	T1135
APT33	USES	T1201
APT33	USES	T1069
APT33	USES	T1018
APT33	USES	T1049
APT33	USES	T1124
APT33	USES	T1016
APT33	USES	T1134
APT33	USES	T1088
APT33	USES	T1175
APT33	USES	T1106
APT33	USES	T1068
APT33	USES	T1066
APT33	USES	T1046
APT33	USES	T1086
APT33	USES	T1076
APT33	USES	T1021
APT33	USES	T1064
APT33	USES	T1099
APT33	USES	T1078
APT33	USES	T1047
APT33	USES	T1015
APT33	USES	T1217
APT33	USES	T1115
APT33	USES	T1002
APT33	USES	T1482
APT33	USES	T1114
APT33	USES	T1048
APT33	USES	T1210
APT33	USES	T1484
APT33	USES	T1179
APT33	USES	T1208
APT33	USES	T1171
APT33	USES	T1040
APT33	USES	T1034
APT33	USES	T1053
APT33	USES	T1127
APT33	USES	T1125
APT33	USES	T1132
APT33	USES	T1070
APT33	USES	T1116
APT33	USES	T1485
APT33	USES	T1084
APT33	USES	T1497
APT33	USES	T1079
APT33	USES	T1119
APT33	USES	T1110
APT33	USES	T1214
APT33	USES	T1123
APT33	USES	T1501
APT33	USES	T1486
APT33	USES	T1487
APT33	USES	T1137
APT37	USES	T1059
APT37	USES	T1041
APT37	USES	T1083
APT37	USES	T1057
APT37	USES	T1012
APT37	USES	T1060
APT37	USES	T1071
APT37	USES	T1082
APT37	USES	T1022
APT37	USES	T1074
APT37	USES	T1003
APT37	USES	T1056
APT37	USES	T1105
APT37	USES	T1113
APT37	USES	T1033
APT37	USES	T1010
APT37	USES	T1027
APT37	USES	T1055
APT37	USES	T1102
APT37	USES	T1063
APT37	USES	T1007
APT37	USES	T1064
APT37	USES	T1002
APT37	USES	T1497
APT37	USES	T1140
APT37	USES	T1123
APT37	USES	T1189
APT32	USES	T1059
APT32	USES	T1090
APT32	USES	T1089
APT32	USES	T1083
APT32	USES	T1112
APT32	USES	T1057
APT32	USES	T1012
APT32	USES	T1071
APT32	USES	T1082
APT32	USES	T1022
APT32	USES	T1005
APT32	USES	T1094
APT32	USES	T1095
APT32	USES	T1043
APT32	USES	T1003
APT32	USES	T1056
APT32	USES	T1105
APT32	USES	T1113
APT32	USES	T1033
APT32	USES	T1098
APT32	USES	T1081
APT32	USES	T1207
APT32	USES	T1075
APT32	USES	T1097
APT32	USES	T1145
APT32	USES	T1101
APT32	USES	T1178
APT32	USES	T1035
APT32	USES	T1077
APT32	USES	T1010
APT32	USES	T1050
APT32	USES	T1027
APT32	USES	T1055
APT32	USES	T1107
APT32	USES	T1063
APT32	USES	T1007
APT32	USES	T1087
APT32	USES	T1136
APT32	USES	T1126
APT32	USES	T1135
APT32	USES	T1201
APT32	USES	T1069
APT32	USES	T1018
APT32	USES	T1049
APT32	USES	T1124
APT32	USES	T1016
APT32	USES	T1134
APT32	USES	T1197
APT32	USES	T1088
APT32	USES	T1175
APT32	USES	T1106
APT32	USES	T1068
APT32	USES	T1066
APT32	USES	T1185
APT32	USES	T1026
APT32	USES	T1046
APT32	USES	T1086
APT32	USES	T1093
APT32	USES	T1076
APT32	USES	T1021
APT32	USES	T1029
APT32	USES	T1064
APT32	USES	T1099
APT32	USES	T1078
APT32	USES	T1047
APT32	USES	T1028
APT32	USES	T1002
APT32	USES	T1073
APT32	USES	T1132
APT32	USES	T1140
APT32	USES	T1158
APT32	USES	T1159
APT32	USES	T1128
APT32	USES	T1160
Patchwork	USED	PowerShell
Patchwork	TARGETED	government systems
Patchwork	ESTABLISHED	persistence
Patchwork	USED_FOR_PERSISTENCE	registry run keys
PowerShell	EXECUTED	malicious commands
malicious commands	TARGETED	government systems
The attackers	EXPLOITED	CVE-2017-11882
CVE-2017-11882	LED_TO	initial access
CVE-2017-11882	LED_TO	gain access
Data	EXFILTRATED_TO	remote servers
Exfiltration	OCCURRED_IN	March 2024
Exfiltration	OCCURRED_ON	March 2024
Persistence	VIA	registry run keys
